Open,High,Low,Close,Volume,Dividends,Stock Splits,Ticker,Company
61.456301515210505,61.85056959833101,60.73676545953181,60.95361328125,12991000,0.0,0.0,KO,Coca-Cola
61.012753965923665,61.190174225418964,60.736764806698154,60.86490249633789,10403200,0.0,0.0,KO,Coca-Cola
60.61848586821247,60.68748221799265,59.79052591083124,59.938377380371094,17924200,0.0,0.0,KO,Coca-Cola
60.23407548328253,60.835332600641166,59.75109728343116,59.96794509887695,17799600,0.0,0.0,KO,Coca-Cola
60.11580029105752,60.88461894252568,60.0566589486295,60.825477600097656,14412400,0.0,0.0,KO,Coca-Cola
60.69734072895083,60.76633707843657,59.85952200516544,60.19464874267578,22425000,0.0,0.0,KO,Coca-Cola
60.25379134148357,60.9634686310283,59.83980947589828,60.76633834838867,18016200,0.0,0.0,KO,Coca-Cola
60.77619110071048,61.18031418113936,60.42135058911069,61.1507453918457,16658300,0.0,0.0,KO,Coca-Cola
61.436587566175255,61.72242796013795,60.79590291208127,60.884613037109375,16187200,0.0,0.0,KO,Coca-Cola
60.53963351013217,61.40702106696146,60.44106836595533,61.35773849487305,12585500,0.0,0.0,KO,Coca-Cola
61.416877645120074,61.870283308180035,61.27888118417134,61.81114196777344,17948900,0.0,0.0,KO,Coca-Cola
61.99841844126393,62.323686400033324,61.407016341653936,61.52529525756836,19817100,0.0,0.0,KO,Coca-Cola
61.22959694799195,61.39716219457555,60.77619129726762,60.89447021484375,18191900,0.0,0.0,KO,Coca-Cola
60.91418259401834,61.09160284631313,60.49034574242736,60.64805221557617,16528400,0.0,0.0,KO,Coca-Cola
60.83533279725427,61.12117320215236,60.55934364215337,61.03246307373047,19244600,0.0,0.0,KO,Coca-Cola
61.96884712421192,63.260071495345294,61.574582809986225,62.95451354980469,20742900,0.0,0.0,KO,Coca-Cola
62.59967397092423,63.12207974111189,61.38730470052112,61.46615982055664,14956000,0.0,0.0,KO,Coca-Cola
61.663293895646255,62.45182629635394,61.65343512562668,61.92942428588867,11325600,0.0,0.0,KO,Coca-Cola
62.934801132915865,63.36849677598034,62.32368898862031,63.13193893432617,13201000,0.0,0.0,KO,Coca-Cola
62.78695433101978,63.01365716589556,62.48139637443808,62.570106506347656,12102100,0.0,0.0,KO,Coca-Cola
62.27440552174024,62.717956168480086,61.535155697180194,62.44196701049805,12067900,0.0,0.0,KO,Coca-Cola
62.69824210585138,62.71795588561969,61.456300300581034,61.77171325683594,15678000,0.0,0.0,KO,Coca-Cola
61.82099905477966,62.38282861327975,61.69286136739678,62.21526336669922,10686800,0.0,0.0,KO,Coca-Cola
62.70809579980457,62.82637847593229,62.008273552800866,62.45182418823242,13423400,0.0,0.0,KO,Coca-Cola
62.52082274032791,63.003797191478505,62.36311625994948,62.92494583129883,13184700,0.0,0.0,KO,Coca-Cola
63.181212924163766,63.72333243663271,62.747521074207434,63.6247673034668,16154300,0.0,0.0,KO,Coca-Cola
66.5324849694717,66.70004646014121,65.45811215513855,66.63105010986328,30589100,0.0,0.0,KO,Coca-Cola
65.91151328071507,67.83355970620275,65.91151328071507,67.72513580322266,26033800,0.0,0.0,KO,Coca-Cola
68.01098907251152,68.61224624417595,67.774431216131,68.50382232666016,24393100,0.0,0.0,KO,Coca-Cola
68.36581741482928,69.02621205270864,67.77441911941438,67.88284301757812,20779100,0.0,0.0,KO,Coca-Cola
67.56743898574125,68.37568518387094,67.43929753284228,68.06027221679688,15569100,0.0,0.0,KO,Coca-Cola
68.21796961766714,69.12478088724713,68.1785420598544,69.06564331054688,16032300,0.0,0.0,KO,Coca-Cola
68.71080767179731,69.06564819718051,68.42496349745873,69.03607940673828,13398000,0.0,0.0,KO,Coca-Cola
69.31205824675637,70.57370998639554,69.12477923164076,70.3272933959961,21662300,0.0,0.0,KO,Coca-Cola
69.82460262973329,70.70185262486224,69.32191819122325,69.57818603515625,21418400,0.0,0.0,KO,Coca-Cola
69.84432671495418,70.74127929286543,69.71619278097782,70.46529388427734,21555600,0.0,0.0,KO,Coca-Cola
70.24844367626862,70.25830244625212,69.51905261829064,69.78518676757812,14531200,0.0,0.0,KO,Coca-Cola
69.70632792062983,70.51457405518306,69.41062499724106,69.85417938232422,16789500,0.0,0.0,KO,Coca-Cola
70.4258660128176,70.5441486959936,69.54862345936759,70.1893081665039,22167400,0.0,0.0,KO,Coca-Cola
69.23320593981384,71.32282141833014,68.73052148944659,71.28339385986328,21717600,0.0,0.0,KO,Coca-Cola
71.03697963298937,71.6086679698035,68.87836773504115,69.18392944335938,25411900,0.0,0.0,KO,Coca-Cola
68.89808785202955,69.72604407835301,68.83894275012189,69.07550811767578,23933600,0.0,0.0,KO,Coca-Cola
69.40077917234038,69.51905433491036,68.45453275155069,69.45005798339844,21694000,0.0,0.0,KO,Coca-Cola
68.65166583991538,70.79056010989339,68.65166583991538,70.4061508178711,28393300,0.0,0.0,KO,Coca-Cola
70.92855717079787,72.17049900920786,70.29773124145528,70.42586517333984,25251200,0.0,0.0,KO,Coca-Cola
70.84969996226889,71.00741019997726,69.59790691062037,70.02174377441406,28076400,0.0,0.0,KO,Coca-Cola
69.36135214132526,69.71619267182245,68.74037745293597,68.93751525878906,18923300,0.0,0.0,KO,Coca-Cola
69.24306028678939,69.24306028678939,68.28696273513948,68.6220932006836,15746600,0.0,0.0,KO,Coca-Cola
68.02633267932151,68.77103780147345,67.89724560980787,68.67174530029297,14205100,0.51,0.0,KO,Coca-Cola
68.75117725894411,69.67461194705332,68.59231076637795,69.62496948242188,15634800,0.0,0.0,KO,Coca-Cola
69.61503982242965,69.69447685860501,68.81076066386908,68.89019012451172,12657600,0.0,0.0,KO,Coca-Cola
68.06605147510706,68.89018605627673,68.05611995228844,68.7908935546875,14780000,0.0,0.0,KO,Coca-Cola
68.82067978336127,69.31714986132644,68.60223173697145,69.21785736083984,16295300,0.0,0.0,KO,Coca-Cola
69.21786229712171,69.4760288772238,67.69866496229167,68.1852035522461,47479500,0.0,0.0,KO,Coca-Cola
68.31429134321948,68.59231339752436,67.84760821969363,68.46322631835938,12575400,0.0,0.0,KO,Coca-Cola
68.4632221392725,68.59230921055784,68.11569459260492,68.32421112060547,12513900,0.0,0.0,KO,Coca-Cola
68.4334326440953,69.8533373475951,68.41357717452553,69.52566528320312,14478200,0.0,0.0,KO,Coca-Cola
69.68454125752393,70.48882036902113,69.57531723305736,70.24058532714844,11663400,0.0,0.0,KO,Coca-Cola
70.31009564449883,70.81649728570197,69.03913335527216,69.87320709228516,17412900,0.0,0.0,KO,Coca-Cola
70.23066371046215,71.43212044393248,69.99235260797278,71.1143798828125,24016900,0.0,0.0,KO,Coca-Cola
71.17395642365427,71.40233601118204,70.68741782913507,71.36261749267578,15309100,0.0,0.0,KO,Coca-Cola
71.45197322051882,71.84915080082584,70.5484016114643,70.82642364501953,14606500,0.0,0.0,KO,Coca-Cola
71.96830551980943,73.42792117918617,71.80943145930108,72.66336059570312,24959600,0.0,0.0,KO,Coca-Cola
71.90872883849867,72.49456750695835,69.29729878984223,69.43630981445312,26517300,0.0,0.0,KO,Coca-Cola
65.76243013562974,68.8901855794701,65.58370060379325,67.88732147216797,34258400,0.0,0.0,KO,Coca-Cola
68.47315455373662,69.48595778924907,67.28162935663869,67.93696594238281,22774400,0.0,0.0,KO,Coca-Cola
67.44049417652175,69.97249462702848,66.80501307707883,69.45616149902344,27918700,0.0,0.0,KO,Coca-Cola
69.69447664666176,70.70727234045317,68.49301988641076,70.26045227050781,22450200,0.0,0.0,KO,Coca-Cola
70.40939463369834,71.34275328909958,70.04200402512097,70.92572021484375,19988200,0.0,0.0,KO,Coca-Cola
70.79663953593544,72.14703881866504,70.42924893346859,71.93851470947266,13930200,0.0,0.0,KO,Coca-Cola
72.10732070094518,72.11724464865118,71.21367299778608,71.3526840209961,14965500,0.0,0.0,KO,Coca-Cola
71.84914979976735,72.15695882183884,70.88599664299021,71.1739501953125,15276200,0.0,0.0,KO,Coca-Cola
71.3924016975431,72.91159898725383,71.2136721590164,72.48463439941406,20746800,0.0,0.0,KO,Coca-Cola
72.86195024063447,72.95131879925056,71.31296592959357,72.25625610351562,16037200,0.0,0.0,KO,Coca-Cola
72.48463296470315,73.85488768259768,72.40519593236749,73.37828063964844,15613500,0.0,0.0,KO,Coca-Cola
72.7725849567812,73.42792152059484,71.86900577838598,72.78251647949219,16353900,0.0,0.0,KO,Coca-Cola
72.50448858346817,72.91159769337268,71.78957801758058,72.00801849365234,16893900,0.0,0.0,KO,Coca-Cola
72.13710977526519,72.40520030617725,70.6278363718458,71.40233612060547,16316000,0.0,0.0,KO,Coca-Cola
71.5711338134531,71.74986335841612,70.80656559173742,71.2831802368164,15997500,0.0,0.0,KO,Coca-Cola
70.68741150809562,72.19667719870706,69.78383233782739,71.83921813964844,16244100,0.0,0.0,KO,Coca-Cola
72.83215885801984,72.96124592651731,71.18388213990885,72.03781127929688,21074700,0.0,0.0,KO,Coca-Cola
71.4916916226381,71.53141013815899,70.72713103157463,70.78670501708984,18034200,0.0,0.0,KO,Coca-Cola
70.995222497737,71.31296305064963,70.59804491271312,71.1441650390625,12629600,0.0,0.0,KO,Coca-Cola
71.16402251527909,71.29310958998163,70.5086859207197,71.19380950927734,11932700,0.0,0.0,KO,Coca-Cola
71.17395030814868,71.39239835339689,70.65762476299741,71.21366882324219,12705500,0.0,0.0,KO,Coca-Cola
71.21367061672791,72.1768237992886,71.16402057772757,71.88887023925781,15018200,0.0,0.0,KO,Coca-Cola
71.69027628260345,71.95837436720703,70.62783061796942,70.66754913330078,14371100,0.0,0.0,KO,Coca-Cola
70.48882361522757,70.64769768559819,69.96256651430703,70.02214050292969,11228900,0.0,0.0,KO,Coca-Cola
69.65475681815578,69.8334863578777,68.2149889771923,69.03913116455078,21539000,0.0,0.0,KO,Coca-Cola
69.09870173092852,69.1980018068266,68.3837911829749,68.47315216064453,14389100,0.0,0.0,KO,Coca-Cola
68.39371569124249,68.85046725709847,68.09583818770106,68.67174530029297,16286800,0.0,0.0,KO,Coca-Cola
69.2079270440056,71.2236019591122,69.10863454178894,71.10444641113281,19817100,0.0,0.0,KO,Coca-Cola
71.35268057286319,71.74985815235495,70.9257160006277,71.49169158935547,18441200,0.0,0.0,KO,Coca-Cola
71.52148030856249,71.66049132841037,71.13423424248163,71.42218780517578,13282800,0.0,0.0,KO,Coca-Cola
71.29310769243372,71.62077219322597,70.92571709999108,71.18388366699219,12137800,0.0,0.0,KO,Coca-Cola
71.1838840595006,71.57113012437136,71.0746600334568,71.3427505493164,12094400,0.0,0.0,KO,Coca-Cola
71.33281907458824,71.48176161706982,70.45903444117937,70.63776397705078,11101800,0.0,0.0,KO,Coca-Cola
71.0349412946497,71.4718373974566,70.19094365784468,71.26331329345703,12822100,0.0,0.0,KO,Coca-Cola
71.23352824783808,71.71014287988916,71.0547987077605,71.27324676513672,10666100,0.0,0.0,KO,Coca-Cola
71.19381001885002,71.39240260614744,70.54840494284807,70.64769744873047,8710900,0.0,0.0,KO,Coca-Cola
70.49875196591115,71.15409611339906,69.96256336583893,70.98529052734375,10291100,0.0,0.0,KO,Coca-Cola
71.10444957380456,71.95837876680815,71.10444957380456,71.59098815917969,28019500,0.0,0.0,KO,Coca-Cola
71.5214785820992,71.53141010485787,70.85621049238155,71.49169158935547,10202700,0.0,0.0,KO,Coca-Cola
71.20374350558913,71.27324901917675,69.97249973252315,70.65763092041016,20139800,0.0,0.0,KO,Coca-Cola
70.75691824880333,71.34274930964742,70.18101113522177,70.86614227294922,13565900,0.0,0.0,KO,Coca-Cola
70.87606884171126,70.95550587594319,70.32995627631495,70.40939331054688,13531400,0.0,0.0,KO,Coca-Cola
70.57819243366227,70.97537003551913,70.43918140934227,70.84628295898438,9524000,0.0,0.0,KO,Coca-Cola
70.84628023652265,71.3228948555422,70.58811366890654,71.26331329345703,12281300,0.0,0.0,KO,Coca-Cola
71.39239810359122,72.17682172899586,71.25338708901643,71.83921813964844,12265000,0.0,0.0,KO,Coca-Cola
71.75978037073057,71.84914892234093,71.25338635522264,71.56119537353516,12718500,0.0,0.0,KO,Coca-Cola
71.73992725038366,71.88886979092345,71.09451462506614,71.72999572753906,12806900,0.0,0.0,KO,Coca-Cola
71.7699966430664,71.87999725341797,70.7300033569336,71.0199966430664,17467200,0.51,0.0,KO,Coca-Cola
71.19999694824219,71.62000274658203,70.23999786376953,70.5199966430664,15045900,0.0,0.0,KO,Coca-Cola
70.37999725341797,70.45999908447266,69.58000183105469,69.62000274658203,15437000,0.0,0.0,KO,Coca-Cola
70.0,70.0,69.08999633789062,69.20999908447266,16227600,0.0,0.0,KO,Coca-Cola
69.08999633789062,69.55999755859375,68.77999877929688,68.83999633789062,40859400,0.0,0.0,KO,Coca-Cola
69.13999938964844,69.80999755859375,68.97000122070312,69.73999786376953,21815200,0.0,0.0,KO,Coca-Cola
167.60814735604268,170.38298329060012,166.90945039958063,168.2769012451172,4148000,0.0,0.0,GE,GE Aerospace
168.90573855661876,172.30940941629544,168.68614590564275,171.64065551757812,3975500,0.0,0.0,GE,GE Aerospace
172.82844248932673,173.35745702456194,170.86209969592335,172.12974548339844,4980300,0.0,0.0,GE,GE Aerospace
171.90017628494934,173.37742355391725,170.46284803170383,171.99000549316406,6496400,0.0,0.0,GE,GE Aerospace
171.6805773857314,173.25764498239408,170.39297975673722,172.5689239501953,4527700,0.0,0.0,GE,GE Aerospace
172.079827706201,173.1378719604898,170.42292208815806,171.37115478515625,5131200,0.0,0.0,GE,GE Aerospace
169.1952013355642,172.19962128023244,168.68615392797517,171.2513885498047,5610800,0.0,0.0,GE,GE Aerospace
172.7885192737988,177.56961709786546,172.07983110829124,176.53155517578125,6432700,0.0,0.0,GE,GE Aerospace
178.73744939953642,180.5440855407674,178.5477998191064,179.95516967773438,7397000,0.0,0.0,GE,GE Aerospace
181.34258859015654,182.54037221375663,178.2882738569695,179.4062042236328,6144700,0.0,0.0,GE,GE Aerospace
180.44427387937114,182.84980194548677,179.62580461378636,182.51043701171875,5899100,0.0,0.0,GE,GE Aerospace
184.55661679193378,188.96842182884615,184.16734166873,187.15179443359375,7508400,0.0,0.0,GE,GE Aerospace
187.73071408404397,188.8885634763654,186.26344283680683,188.01019287109375,7457800,0.0,0.0,GE,GE Aerospace
201.0259700960538,207.2643631009022,197.7321107738552,200.42709350585938,14403500,0.0,0.0,GE,GE Aerospace
202.12393463793975,202.62300608149025,195.15690155050171,196.38461303710938,7835700,0.0,0.0,GE,GE Aerospace
193.97908944723414,196.26484523987088,192.38206992972653,194.098876953125,7674800,0.0,0.0,GE,GE Aerospace
194.9373186621821,196.18499733356003,191.43382720546316,194.0689239501953,4858800,0.0,0.0,GE,GE Aerospace
194.56798588048403,199.56869149770802,194.56798588048403,198.73025512695312,5595800,0.0,0.0,GE,GE Aerospace
199.43893470541047,205.54756451116512,199.10954571366554,205.18824768066406,6282100,0.0,0.0,GE,GE Aerospace
205.45772896232523,205.4876720306095,202.6928841210661,203.19195556640625,5514300,0.0,0.0,GE,GE Aerospace
199.62857396819643,204.34978547801788,198.60048803069634,203.73094177246094,4678300,0.0,0.0,GE,GE Aerospace
202.5531268114119,204.1601374533332,200.05776961777335,201.8045196533203,5413800,0.0,0.0,GE,GE Aerospace
203.50137626877364,204.8987702156014,201.41524606396771,204.2000732421875,3239400,0.0,0.0,GE,GE Aerospace
204.61929335648045,205.71725663252525,203.68103659885162,205.6773223876953,3113200,0.0,0.0,GE,GE Aerospace
206.0965416266832,207.45401657923742,204.12022295017627,204.89877319335938,3954400,0.0,0.0,GE,GE Aerospace
205.7571720655193,206.2762106261109,203.02225509944438,204.83888244628906,3787500,0.0,0.0,GE,GE Aerospace
204.6192920570998,208.7615789504653,204.0603344766454,208.4322052001953,4110900,0.0,0.0,GE,GE Aerospace
206.31612890182106,211.02736448307354,205.7571713295456,209.25067138671875,4595200,0.0,0.0,GE,GE Aerospace
210.72792186942158,210.9075955092914,205.88693799564095,207.97305297851562,3763300,0.0,0.0,GE,GE Aerospace
208.27249960616498,208.77157105241932,204.58934989593575,207.8832244873047,4268500,0.0,0.0,GE,GE Aerospace
209.48024839905418,211.7959472691742,208.93128198094752,209.6898651123047,4396000,0.0,0.0,GE,GE Aerospace
208.65178971547488,211.38670680474382,208.49209842309708,210.1090850830078,2699100,0.0,0.0,GE,GE Aerospace
209.34050768778914,209.8894893329058,206.76529715924818,208.35235595703125,2969100,0.0,0.0,GE,GE Aerospace
207.97305033967515,208.73163344279024,198.07147483326264,199.45889282226562,5419500,0.0,0.0,GE,GE Aerospace
202.25370661391935,202.87255035626748,197.06335119781036,198.3409881591797,4299100,0.0,0.0,GE,GE Aerospace
198.61046290158797,199.70842614465167,194.47815205202767,198.89993286132812,4121400,0.0,0.0,GE,GE Aerospace
201.38531104968263,204.22004853161027,199.61860903849302,201.235595703125,3157400,0.0,0.0,GE,GE Aerospace
204.04037631125667,205.08842943584173,200.72654969718536,201.05592346191406,3480200,0.0,0.0,GE,GE Aerospace
201.5749540427113,206.9349917307722,200.65666440950048,206.59561157226562,6117400,0.0,0.0,GE,GE Aerospace
206.7054083708926,208.0928263850577,200.4370722117415,201.58494567871094,5376400,0.0,0.0,GE,GE Aerospace
197.63228936872278,202.6629227603461,192.90108665541806,198.40086364746094,6164200,0.0,0.0,GE,GE Aerospace
198.5006683801979,204.09027456400662,198.32100997358376,202.12393188476562,6221200,0.0,0.0,GE,GE Aerospace
198.63043151201015,199.84816703418824,194.91733881003293,195.6859130859375,5621400,0.0,0.0,GE,GE Aerospace
194.7077410384983,195.3864708936935,187.33145045351287,193.49000549316406,7681300,0.0,0.0,GE,GE Aerospace
189.1999969482422,192.2100067138672,187.91000366210938,192.1199951171875,6195000,0.36,0.0,GE,GE Aerospace
189.92999267578125,193.67999267578125,188.32000732421875,191.72000122070312,5356700,0.0,0.0,GE,GE Aerospace
194.9199981689453,197.25,192.42999267578125,195.0,4735000,0.0,0.0,GE,GE Aerospace
194.5500030517578,195.6199951171875,191.6699981689453,192.4199981689453,3837200,0.0,0.0,GE,GE Aerospace
195.3699951171875,197.6999969482422,193.60000610351562,197.11000061035156,3263200,0.0,0.0,GE,GE Aerospace
197.0,203.60000610351562,196.3300018310547,202.02999877929688,3733000,0.0,0.0,GE,GE Aerospace
201.8000030517578,201.97999572753906,199.52000427246094,200.7899932861328,3983100,0.0,0.0,GE,GE Aerospace
201.32000732421875,206.82000732421875,201.32000732421875,205.57000732421875,3564000,0.0,0.0,GE,GE Aerospace
205.0,206.1699981689453,203.11000061035156,203.92999267578125,3970800,0.0,0.0,GE,GE Aerospace
202.60000610351562,204.30999755859375,200.82000732421875,204.1300048828125,7976300,0.0,0.0,GE,GE Aerospace
206.9199981689453,210.8800048828125,205.60000610351562,210.22999572753906,4043900,0.0,0.0,GE,GE Aerospace
210.77000427246094,212.75999450683594,210.25,212.1300048828125,4315200,0.0,0.0,GE,GE Aerospace
212.2899932861328,214.2100067138672,206.69000244140625,207.3699951171875,4791100,0.0,0.0,GE,GE Aerospace
206.36000061035156,207.69000244140625,202.8000030517578,205.8800048828125,3301900,0.0,0.0,GE,GE Aerospace
205.60000610351562,206.86000061035156,199.58999633789062,199.8800048828125,5178400,0.0,0.0,GE,GE Aerospace
197.52999877929688,201.57000732421875,194.4499969482422,200.14999389648438,6923100,0.0,0.0,GE,GE Aerospace
199.55999755859375,204.5,198.47000122070312,203.7899932861328,3854000,0.0,0.0,GE,GE Aerospace
199.47999572753906,202.19000244140625,198.42999267578125,199.77000427246094,6026500,0.0,0.0,GE,GE Aerospace
189.83999633789062,194.14999389648438,186.72000122070312,187.6300048828125,12750500,0.0,0.0,GE,GE Aerospace
179.67999267578125,183.16000366210938,165.4199981689453,166.80999755859375,18167100,0.0,0.0,GE,GE Aerospace
163.2100067138672,175.33999633789062,159.36000061035156,167.6999969482422,18545500,0.0,0.0,GE,GE Aerospace
176.0,178.35000610351562,166.36000061035156,169.3699951171875,11903400,0.0,0.0,GE,GE Aerospace
165.80999755859375,189.11000061035156,165.6999969482422,187.27000427246094,12548600,0.0,0.0,GE,GE Aerospace
181.89999389648438,185.41000366210938,175.9600067138672,181.50999450683594,8150900,0.0,0.0,GE,GE Aerospace
179.00999450683594,184.25,175.0500030517578,181.6699981689453,6491100,0.0,0.0,GE,GE Aerospace
185.35000610351562,187.61000061035156,183.8300018310547,186.0,5319100,0.0,0.0,GE,GE Aerospace
183.8800048828125,188.44000244140625,182.2899932861328,185.6699981689453,4999300,0.0,0.0,GE,GE Aerospace
184.07000732421875,185.8800048828125,181.27999877929688,182.4499969482422,5128000,0.0,0.0,GE,GE Aerospace
183.38999938964844,184.24000549316406,181.58999633789062,181.7899932861328,4928200,0.0,0.0,GE,GE Aerospace
179.2899932861328,180.7899932861328,176.02000427246094,178.35000610351562,8501600,0.0,0.0,GE,GE Aerospace
186.5,190.0,182.10000610351562,189.17999267578125,13041000,0.0,0.0,GE,GE Aerospace
195.94000244140625,197.02999877929688,192.57000732421875,193.67999267578125,7235700,0.0,0.0,GE,GE Aerospace
194.3300018310547,197.6999969482422,194.0500030517578,197.41000366210938,5906300,0.0,0.0,GE,GE Aerospace
198.6999969482422,199.99000549316406,197.25999450683594,198.42999267578125,4390600,0.0,0.0,GE,GE Aerospace
199.5,201.47999572753906,198.60000610351562,200.86000061035156,3416900,0.0,0.0,GE,GE Aerospace
200.49000549316406,202.42999267578125,199.64999389648438,200.5,3444200,0.0,0.0,GE,GE Aerospace
198.60000610351562,202.02999877929688,196.86000061035156,201.5399932861328,4436300,0.0,0.0,GE,GE Aerospace
202.25,205.24000549316406,200.86000061035156,203.61000061035156,4687600,0.0,0.0,GE,GE Aerospace
206.32000732421875,208.72000122070312,205.55999755859375,207.6999969482422,3831700,0.0,0.0,GE,GE Aerospace
206.30999755859375,210.52000427246094,205.64999389648438,208.94000244140625,4466500,0.0,0.0,GE,GE Aerospace
206.02000427246094,209.8300018310547,205.9199981689453,208.60000610351562,3169600,0.0,0.0,GE,GE Aerospace
208.89999389648438,210.6300048828125,208.22000122070312,209.9199981689453,3968300,0.0,0.0,GE,GE Aerospace
211.0,216.8000030517578,210.50999450683594,214.49000549316406,5870300,0.0,0.0,GE,GE Aerospace
215.2100067138672,216.1199951171875,212.72999572753906,214.9600067138672,3778200,0.0,0.0,GE,GE Aerospace
219.33999633789062,219.97999572753906,211.14999389648438,218.9499969482422,5468000,0.0,0.0,GE,GE Aerospace
220.0,223.5500030517578,219.3000030517578,221.5800018310547,7188700,0.0,0.0,GE,GE Aerospace
222.94000244140625,223.35000610351562,220.4499969482422,223.24000549316406,4764700,0.0,0.0,GE,GE Aerospace
223.4499969482422,230.08999633789062,223.4499969482422,229.3800048828125,7207700,0.0,0.0,GE,GE Aerospace
229.07000732421875,232.32000732421875,227.58999633789062,231.77999877929688,4651700,0.0,0.0,GE,GE Aerospace
229.5,235.8699951171875,228.9199981689453,235.2899932861328,4734400,0.0,0.0,GE,GE Aerospace
234.16000366210938,236.0800018310547,233.8000030517578,235.25999450683594,4311000,0.0,0.0,GE,GE Aerospace
234.86000061035156,237.3000030517578,232.66000366210938,233.5399932861328,4631000,0.0,0.0,GE,GE Aerospace
231.19000244140625,232.4499969482422,229.4199981689453,230.27000427246094,6909400,0.0,0.0,GE,GE Aerospace
228.83999633789062,233.69000244140625,228.00999450683594,232.7899932861328,4234200,0.0,0.0,GE,GE Aerospace
235.4199981689453,242.27999877929688,235.10000610351562,241.77999877929688,7162400,0.0,0.0,GE,GE Aerospace
241.77999877929688,246.0,241.60000610351562,243.6699981689453,9570500,0.0,0.0,GE,GE Aerospace
244.52999877929688,244.94000244140625,241.49000549316406,244.16000366210938,5243700,0.0,0.0,GE,GE Aerospace
243.38999938964844,246.86000061035156,242.3000030517578,245.91000366210938,9143000,0.0,0.0,GE,GE Aerospace
245.85000610351562,248.10000610351562,244.50999450683594,247.47999572753906,5450800,0.0,0.0,GE,GE Aerospace
247.5,250.5,244.17999267578125,248.8699951171875,6456200,0.0,0.0,GE,GE Aerospace
249.97999572753906,253.05999755859375,249.72000122070312,250.8800048828125,5811500,0.0,0.0,GE,GE Aerospace
252.47999572753906,253.00999450683594,250.11000061035156,251.9199981689453,4188200,0.0,0.0,GE,GE Aerospace
253.0,257.4700012207031,252.07000732421875,255.6300048828125,5796700,0.0,0.0,GE,GE Aerospace
254.02000427246094,255.32000732421875,251.13999938964844,251.41000366210938,5771600,0.0,0.0,GE,GE Aerospace
250.77999877929688,251.25,239.75,242.0,11230900,0.0,0.0,GE,GE Aerospace
242.63999938964844,246.9600067138672,238.50999450683594,245.52000427246094,6940800,0.0,0.0,GE,GE Aerospace
240.0,243.42999267578125,238.67999267578125,239.99000549316406,8946600,0.0,0.0,GE,GE Aerospace
235.0,238.0,233.6999969482422,236.60000610351562,7420300,0.0,0.0,GE,GE Aerospace
237.60000610351562,239.94000244140625,236.07000732421875,236.5399932861328,4505600,0.0,0.0,GE,GE Aerospace
236.72999572753906,238.97000122070312,234.8800048828125,235.75,5720500,0.0,0.0,GE,GE Aerospace
235.9600067138672,239.52000427246094,232.24000549316406,235.88999938964844,7761100,0.0,0.0,GE,GE Aerospace
239.72000122070312,240.8000030517578,236.50999450683594,239.3699951171875,9142100,0.0,0.0,GE,GE Aerospace
239.24000549316406,248.4600067138672,238.6199951171875,247.80999755859375,8049200,0.0,0.0,GE,GE Aerospace
170.4543265491617,172.2660059992586,168.38667096174692,171.0746307373047,2393000,0.0,0.0,BX,Blackstone
172.30537866448168,173.42782453025686,170.7694016927722,173.2013702392578,1600600,0.0,0.0,BX,Blackstone
175.24935671578385,175.80073156199526,171.85246699566386,172.09861755371094,2203100,0.0,0.0,BX,Blackstone
172.30538408886042,173.30968253422418,165.87593295876593,168.7017364501953,2729100,0.0,0.0,BX,Blackstone
168.26850856661252,171.51769880427221,167.3823726035404,171.29124450683594,2237200,0.0,0.0,BX,Blackstone
169.02665510719092,169.02665510719092,162.22305041072352,162.31167602539062,5077900,0.0,0.0,BX,Blackstone
159.65322886378868,163.44395306180476,158.25509564648178,163.21749877929688,3274800,0.0,0.0,BX,Blackstone
164.30055753892375,168.12081872519724,163.60149841906647,166.7128448486328,2686900,0.0,0.0,BX,Blackstone
174.0087358777047,174.7373468861413,171.6850741745098,172.44322204589844,3437900,0.0,0.0,BX,Blackstone
172.68937864298354,174.69796051335285,171.88201265424982,173.9989013671875,3061700,0.0,0.0,BX,Blackstone
175.32811162124435,177.32685277881347,174.94410236082652,177.1791534423828,3442200,0.0,0.0,BX,Blackstone
179.04991136503168,180.05419476542536,178.00622044048941,178.72499084472656,3220900,0.0,0.0,BX,Blackstone
178.87268107489513,180.61543118729773,176.6573261099865,179.95574951171875,3042600,0.0,0.0,BX,Blackstone
179.71944035291028,182.78155382974984,179.66036662407052,182.6634063720703,2146800,0.0,0.0,BX,Blackstone
182.0430887987643,185.05596893896657,182.0430887987643,183.86460876464844,2326000,0.0,0.0,BX,Blackstone
179.00066475398847,180.10341429817143,176.5391595044117,179.70957946777344,4110700,0.0,0.0,BX,Blackstone
179.03021627357637,183.63814726662756,177.70099732043786,182.73231506347656,2514200,0.0,0.0,BX,Blackstone
182.15140483250397,184.8689014635859,181.65910373836206,182.5255584716797,3086200,0.0,0.0,BX,Blackstone
185.1052073686442,185.94212522000524,173.39828820569778,175.04257202148438,5636400,0.0,0.0,BX,Blackstone
177.98653629773142,178.70529166635436,173.88074710197643,174.3828887939453,3010300,0.0,0.0,BX,Blackstone
169.7749346844348,172.77797412591497,167.62850929520903,170.8678436279297,2941700,0.0,0.0,BX,Blackstone
171.11399887474425,172.96505570097042,166.75221861682854,168.1995849609375,3848900,0.0,0.0,BX,Blackstone
168.87895750875967,172.36444235518294,166.39775599377606,172.15768432617188,3228300,0.0,0.0,BX,Blackstone
173.83152437987854,175.04258089986158,169.5583543647104,171.86231994628906,3302200,0.0,0.0,BX,Blackstone
171.60631397641967,172.3546212774067,166.5553148139452,167.64822387695312,4117000,0.0,0.0,BX,Blackstone
169.38595995679373,171.46132654255806,165.20542284225425,167.42974853515625,2333600,1.44,0.0,BX,Blackstone
165.36430658349204,166.30765365461465,161.6107673917138,163.62655639648438,3807600,0.0,0.0,BX,Blackstone
160.71708075867713,160.93554200440693,158.42323767851408,159.7637939453125,4877700,0.0,0.0,BX,Blackstone
160.62769790825868,161.8590235420644,157.350809553224,159.35665893554688,4751900,0.0,0.0,BX,Blackstone
160.61777512428546,164.68908182192175,160.12127504662152,163.68614196777344,4179200,0.0,0.0,BX,Blackstone
163.70600038480202,166.27786705905666,163.68613613984834,165.57284545898438,3788100,0.0,0.0,BX,Blackstone
164.72879630726496,166.80416300986317,163.81523797624536,165.6820831298828,3162600,0.0,0.0,BX,Blackstone
165.68207858426422,166.43675323214572,160.81636883161397,162.75271606445312,3199000,0.0,0.0,BX,Blackstone
163.84501818568592,163.99396214142666,156.63584284022824,157.2713623046875,4663300,0.0,0.0,BX,Blackstone
158.41330707520854,159.03890199606056,153.89515352323355,155.9705352783203,2839600,0.0,0.0,BX,Blackstone
156.72521594254096,156.96354143393768,152.0879070469694,156.12940979003906,4872800,0.0,0.0,BX,Blackstone
157.27136905187572,160.85610020962625,156.8940241451715,158.34381103515625,2938100,0.0,0.0,BX,Blackstone
158.80058883330847,160.52841462152375,156.21879742615994,156.28829956054688,2736700,0.0,0.0,BX,Blackstone
156.75500263698646,160.2007143334173,155.69248521470726,160.0319061279297,4300600,0.0,0.0,BX,Blackstone
161.18379780143235,162.51441441697878,156.09962653513702,157.42031860351562,3267200,0.0,0.0,BX,Blackstone
155.03712151242024,155.10662364534514,146.77535281858522,149.67491149902344,7624300,0.0,0.0,BX,Blackstone
150.78708122157184,151.73042834858603,147.68891040125712,150.97573852539062,4687100,0.0,0.0,BX,Blackstone
147.59953584024402,148.64218898681744,143.59774660650163,144.61061096191406,5482200,0.0,0.0,BX,Blackstone
144.22335370097713,144.89858656027283,137.87808306432964,144.13397216796875,6476800,0.0,0.0,BX,Blackstone
140.9464420670835,141.84013613084065,135.74311588721866,138.39442443847656,6826000,0.0,0.0,BX,Blackstone
138.57316846034652,140.14211045328358,136.78576523092588,137.17303466796875,6254400,0.0,0.0,BX,Blackstone
141.25426549078225,142.58488200023095,137.9277090651813,139.5562286376953,4834900,0.0,0.0,BX,Blackstone
140.28113650439354,140.2910610512566,134.65082742913197,135.57431030273438,4877100,0.0,0.0,BX,Blackstone
138.3149870022854,140.73790984122454,136.4282927402158,139.90379333496094,5222900,0.0,0.0,BX,Blackstone
140.1321751138029,148.28471294203737,140.1321751138029,146.7455596923828,5202100,0.0,0.0,BX,Blackstone
146.7455535339001,147.60945877207877,143.60766958210814,145.16668701171875,3362900,0.0,0.0,BX,Blackstone
145.02767312482064,149.7245595330478,143.19061680949483,148.67198181152344,4050600,0.0,0.0,BX,Blackstone
146.97394519400385,149.89336802847683,146.87465427124076,147.70877075195312,3131900,0.0,0.0,BX,Blackstone
145.60361493073296,148.17548164897815,144.67019237767602,147.25198364257812,8381100,0.0,0.0,BX,Blackstone
149.94301522618034,151.94887967242246,147.46051497409127,151.0154571533203,3072900,0.0,0.0,BX,Blackstone
151.0452596628881,152.107761988255,148.1556254705301,150.1515655517578,3782400,0.0,0.0,BX,Blackstone
148.9500245018733,149.9430246652191,144.9283708099267,145.63340759277344,3523000,0.0,0.0,BX,Blackstone
144.76948895042435,144.8687950287878,142.17775788573246,143.488525390625,2993500,0.0,0.0,BX,Blackstone
142.1777523267129,142.86292484548252,136.70632702717117,137.14324951171875,4999800,0.0,0.0,BX,Blackstone
134.9487140261192,139.92365446389712,132.29740544971327,138.8015594482422,5797100,0.0,0.0,BX,Blackstone
139.13918190707957,142.22741310700883,137.6596213198337,141.80043029785156,4039500,0.0,0.0,BX,Blackstone
139.27819370647765,147.53003756938574,139.27819370647765,146.62640380859375,4064300,0.0,0.0,BX,Blackstone
136.53751409231074,139.02001434853457,131.77111056996517,132.16831970214844,11369100,0.0,0.0,BX,Blackstone
127.20332717208436,128.02750397512858,118.38548085999815,124.16474151611328,13062200,0.0,0.0,BX,Blackstone
119.31890478088442,129.8446975549654,114.85040398902488,123.77747344970703,13461300,0.0,0.0,BX,Blackstone
130.08302251614978,131.29448393800058,117.01513661774683,119.22953033447266,11546100,0.0,0.0,BX,Blackstone
118.17694765519867,138.5930354904901,116.3498234755158,136.39849853515625,11512800,0.0,0.0,BX,Blackstone
132.29740874253767,133.062023117934,122.53622280439991,126.55786895751953,9237000,0.0,0.0,BX,Blackstone
125.03857449043488,127.69982271656748,122.44684354631858,126.28975677490234,7806900,0.0,0.0,BX,Blackstone
129.94400163432533,131.17532728829707,127.44163698682534,129.55673217773438,6846000,0.0,0.0,BX,Blackstone
129.517008644113,134.1543329058072,129.0006594502125,132.60523986816406,6224200,0.0,0.0,BX,Blackstone
130.510003435799,131.81084636987214,126.2401073038641,128.474365234375,5767300,0.0,0.0,BX,Blackstone
131.07602584316248,131.57252594105324,127.73954457925731,129.477294921875,4577000,0.0,0.0,BX,Blackstone
126.11101879514207,126.77632707605997,117.81946907459646,119.37847900390625,6702600,0.0,0.0,BX,Blackstone
121.04671959298398,124.7605380263493,120.70909560304717,124.03565216064453,5083800,0.0,0.0,BX,Blackstone
130.08301580233837,133.54859167804455,125.61451525950994,126.11101531982422,5621100,0.0,0.0,BX,Blackstone
126.67702536495344,134.83948001069254,126.14080438951252,133.60816955566406,6577400,0.0,0.0,BX,Blackstone
132.59531625414755,133.925932893302,131.05616290492586,131.9300079345703,4663700,0.0,0.0,BX,Blackstone
132.97000122070312,135.77000427246094,132.1300048828125,133.5800018310547,3609000,0.93,0.0,BX,Blackstone
132.25,133.75,130.8800048828125,133.5399932861328,2270400,0.0,0.0,BX,Blackstone
129.8699951171875,132.07000732421875,126.88999938964844,131.7100067138672,5751600,0.0,0.0,BX,Blackstone
132.47999572753906,135.83999633789062,130.9600067138672,133.38999938964844,4007100,0.0,0.0,BX,Blackstone
136.14999389648438,139.3800048828125,135.27000427246094,137.4199981689453,4969600,0.0,0.0,BX,Blackstone
135.83999633789062,138.3300018310547,135.5399932861328,136.11000061035156,2640800,0.0,0.0,BX,Blackstone
133.0399932861328,135.8300018310547,132.82000732421875,134.0,2864000,0.0,0.0,BX,Blackstone
134.25,136.8000030517578,134.25,136.13999938964844,3031300,0.0,0.0,BX,Blackstone
138.27999877929688,142.1999969482422,137.52000427246094,139.80999755859375,4853000,0.0,0.0,BX,Blackstone
140.4199981689453,142.17999267578125,138.97000122070312,139.38999938964844,3114200,0.0,0.0,BX,Blackstone
148.75,152.0,146.52999877929688,149.0,6669100,0.0,0.0,BX,Blackstone
149.1699981689453,150.80999755859375,147.97999572753906,148.60000610351562,3474100,0.0,0.0,BX,Blackstone
148.89999389648438,150.0,147.6199951171875,148.4199981689453,2247800,0.0,0.0,BX,Blackstone
147.6199951171875,147.85000610351562,145.27999877929688,146.75,3397000,0.0,0.0,BX,Blackstone
147.5399932861328,147.5399932861328,145.33999633789062,146.6999969482422,3790500,0.0,0.0,BX,Blackstone
143.08999633789062,145.89999389648438,142.4600067138672,145.4499969482422,3181200,0.0,0.0,BX,Blackstone
144.0,145.00999450683594,143.11000061035156,144.1999969482422,4566100,0.0,0.0,BX,Blackstone
142.02000427246094,142.82000732421875,137.0399932861328,137.49000549316406,4588100,0.0,0.0,BX,Blackstone
136.9199981689453,137.8699951171875,135.6999969482422,136.92999267578125,3856800,0.0,0.0,BX,Blackstone
133.5,137.27000427246094,133.25,136.1199951171875,2613900,0.0,0.0,BX,Blackstone
138.0,139.57000732421875,137.0,139.3000030517578,3448300,0.0,0.0,BX,Blackstone
139.72000122070312,139.9199981689453,138.0800018310547,138.41000366210938,2228800,0.0,0.0,BX,Blackstone
139.94000244140625,139.94000244140625,137.44000244140625,138.8800048828125,2208800,0.0,0.0,BX,Blackstone
138.16000366210938,138.8800048828125,136.05999755859375,138.75999450683594,6191200,0.0,0.0,BX,Blackstone
138.1699981689453,139.0800018310547,136.19000244140625,138.80999755859375,3007800,0.0,0.0,BX,Blackstone
138.74000549316406,139.8000030517578,137.42999267578125,139.00999450683594,3935900,0.0,0.0,BX,Blackstone
139.52000427246094,139.92999267578125,138.41000366210938,138.75999450683594,2433900,0.0,0.0,BX,Blackstone
139.14999389648438,139.38999938964844,136.6999969482422,137.75999450683594,2456300,0.0,0.0,BX,Blackstone
139.8800048828125,141.47999572753906,139.16000366210938,140.4499969482422,3676400,0.0,0.0,BX,Blackstone
141.35000610351562,141.41000366210938,139.2899932861328,139.97999572753906,3061700,0.0,0.0,BX,Blackstone
140.0,143.0500030517578,139.14999389648438,142.9600067138672,3665100,0.0,0.0,BX,Blackstone
144.0,145.50999450683594,140.7899932861328,141.38999938964844,3233400,0.0,0.0,BX,Blackstone
140.08999633789062,141.57000732421875,139.3300018310547,140.7899932861328,2382800,0.0,0.0,BX,Blackstone
138.5500030517578,139.02999877929688,136.10000610351562,136.41000366210938,3021400,0.0,0.0,BX,Blackstone
137.5399932861328,140.0399932861328,137.5399932861328,138.25999450683594,2584800,0.0,0.0,BX,Blackstone
137.4600067138672,137.60000610351562,134.7899932861328,135.69000244140625,2664400,0.0,0.0,BX,Blackstone
135.38999938964844,139.10000610351562,135.0,137.49000549316406,2688600,0.0,0.0,BX,Blackstone
138.39999389648438,139.0800018310547,137.07000732421875,137.69000244140625,4295600,0.0,0.0,BX,Blackstone
137.5,138.52999877929688,133.83999633789062,138.32000732421875,2925600,0.0,0.0,BX,Blackstone
235.86464933049402,237.10041030070053,234.26599441216106,236.0215606689453,3107200,0.0,0.0,PGR,Progressive
237.64963628307066,239.74847694882968,235.79598735380367,237.56137084960938,1461900,0.0,0.0,PGR,Progressive
238.10078005950547,238.9246206484541,234.63867416434553,234.98193359375,2129600,0.0,0.0,PGR,Progressive
235.27617639452419,238.65981928343334,234.34445081139205,237.62020874023438,2346300,0.0,0.0,PGR,Progressive
238.55193734297217,242.97520579638584,236.85521473618562,238.90501403808594,2601400,0.0,0.0,PGR,Progressive
237.14563362525604,241.48410185680981,234.63653170543324,235.52621459960938,3692300,4.6,0.0,PGR,Progressive
230.27808100035776,236.23596824285724,228.4587208991369,235.69615173339844,3023800,0.0,0.0,PGR,Progressive
235.39625171497985,239.74471082099092,233.02709944178955,239.6747283935547,2256700,0.0,0.0,PGR,Progressive
240.82433101296195,242.85360788212412,238.345201970546,242.38377380371094,3498000,0.0,0.0,PGR,Progressive
242.60370506963739,246.26240728259958,241.91394798402084,245.4526824951172,1897600,0.0,0.0,PGR,Progressive
245.64261206605724,246.74222699811375,243.52337083703515,243.5933380126953,1967900,0.0,0.0,PGR,Progressive
243.92321902065663,246.8421787720516,239.67473041701155,240.92428588867188,3204800,0.0,0.0,PGR,Progressive
243.20347566295052,243.40341674259784,236.8157486543066,239.08494567871094,3657400,0.0,0.0,PGR,Progressive
239.91465118366628,241.4141177535642,238.0653029794471,239.42481994628906,2590000,0.0,0.0,PGR,Progressive
238.54514203255246,239.84466751706393,235.92606339836723,238.73507690429688,2324200,0.0,0.0,PGR,Progressive
240.35450404589048,246.93216608492497,240.02461956064676,246.82220458984375,2251900,0.0,0.0,PGR,Progressive
246.60227629211727,246.60227629211727,242.94357417455564,244.96286010742188,2724400,0.0,0.0,PGR,Progressive
238.33521976326054,251.91039275901082,237.64546267588227,246.3123779296875,3564600,0.0,0.0,PGR,Progressive
247.30202709446775,249.60121226131557,244.0931618643261,249.13137817382812,2374400,0.0,0.0,PGR,Progressive
250.11102871192924,251.1706493476036,246.34236500955265,246.3523712158203,3047500,0.0,0.0,PGR,Progressive
247.4319858765363,250.62085394943477,245.42269087267724,248.83148193359375,2050300,0.0,0.0,PGR,Progressive
247.1220918569992,251.4105595004174,247.02212131847702,247.91180419921875,1775200,0.0,0.0,PGR,Progressive
249.67117749267803,250.2909673871061,247.1720665163018,248.9114532470703,1508500,0.0,0.0,PGR,Progressive
250.70080645356168,252.5601456038572,250.25096953484044,251.2606201171875,1589100,0.0,0.0,PGR,Progressive
251.50053297727374,253.25991689771158,249.5412384792484,250.51089477539062,1710700,0.0,0.0,PGR,Progressive
251.91038766087146,252.38022174701595,248.42162322943682,249.60121154785156,1916500,0.0,0.0,PGR,Progressive
252.91004168930672,258.63801527599617,248.5016060765238,257.4784240722656,2794900,0.0,0.0,PGR,Progressive
256.2688296641241,257.8582911427816,255.03928654800936,256.6986999511719,2164700,0.0,0.0,PGR,Progressive
257.69835095299237,262.22673908499576,256.85865327695444,262.03680419921875,2781100,0.0,0.0,PGR,Progressive
261.19709060708874,264.2559999929487,260.2673981414053,262.5066223144531,2852100,0.0,0.0,PGR,Progressive
263.0264415629024,266.3652503493545,261.94683898495225,263.8361511230469,2609600,0.0,0.0,PGR,Progressive
262.9164742754214,270.6937062170597,262.3566758714005,269.52410888671875,3223100,0.0,0.0,PGR,Progressive
268.4745029572941,269.1342719199575,263.8861388370096,267.5748291015625,1934100,0.0,0.0,PGR,Progressive
266.8250882855503,268.9942994816127,265.6554909513473,266.0953369140625,2567300,0.0,0.0,PGR,Progressive
266.3852437389767,275.4220069141798,266.3852437389767,272.5330505371094,3952100,0.0,0.0,PGR,Progressive
277.5412979878647,279.83046179905904,274.29245354588926,278.42095947265625,3541100,0.0,0.0,PGR,Progressive
278.3709800395536,280.15034586887094,272.3631073740223,273.332763671875,3386800,0.0,0.0,PGR,Progressive
274.49236150687415,279.85047153730756,273.9125811580388,278.6708679199219,2338900,0.0,0.0,PGR,Progressive
279.8404542262276,282.2995708947209,276.54163992719344,281.89971923828125,3509200,0.0,0.0,PGR,Progressive
282.27958564866367,285.178548256951,281.97967402983875,284.9786071777344,2871800,0.0,0.0,PGR,Progressive
285.7483521453967,287.38775306522024,281.6098097686636,283.08929443359375,3363000,0.0,0.0,PGR,Progressive
280.8101217163959,283.4291852533383,278.890790979468,281.759765625,2485600,0.0,0.0,PGR,Progressive
280.90008486571537,281.4498770995945,276.04182757852664,281.0700378417969,2308800,0.0,0.0,PGR,Progressive
278.47093406372346,281.829724438457,277.68120648487945,279.7204895019531,2885700,0.0,0.0,PGR,Progressive
279.12072219900415,286.7480141693569,277.26136767416205,278.5909118652344,4159500,0.0,0.0,PGR,Progressive
277.6712136447593,279.0007577787982,273.42272495028,276.8415222167969,3353700,0.0,0.0,PGR,Progressive
278.790844301368,279.90043495384924,273.25280572504056,277.4512939453125,2878900,0.0,0.0,PGR,Progressive
278.0910675258829,281.06001250151144,275.98180205841,279.3006286621094,3046600,0.0,0.0,PGR,Progressive
280.1003622689661,284.1788978405482,277.47129271738936,283.589111328125,2223400,0.0,0.0,PGR,Progressive
282.5595011110564,292.8858147547527,282.3395781139563,291.116455078125,3454600,0.0,0.0,PGR,Progressive
290.03683660071636,291.5363031787002,282.0996577407172,283.17926025390625,3548600,0.0,0.0,PGR,Progressive
276.4016907222389,278.28102717133635,267.29494441617487,273.1928405761719,6077100,0.0,0.0,PGR,Progressive
272.78296738208184,278.24101723676665,272.33311520165233,274.5223388671875,3630400,0.0,0.0,PGR,Progressive
275.20210486912447,278.23102633221026,272.4331007251791,272.7629699707031,7280200,0.0,0.0,PGR,Progressive
275.38204202303035,275.9118523188479,272.43307892891517,273.9025573730469,2553300,0.0,0.0,PGR,Progressive
274.94219639085355,275.8418702235693,272.0432338157806,274.3323974609375,2911600,0.0,0.0,PGR,Progressive
276.15175678183,277.2713535934079,271.75332766203456,272.4430847167969,3463000,0.0,0.0,PGR,Progressive
273.5626761058918,275.0321545186415,270.9036184777388,274.57232666015625,3117300,0.0,0.0,PGR,Progressive
275.122143844155,279.71050816039747,274.0725293854293,278.7608337402344,4346900,0.0,0.0,PGR,Progressive
278.8508090930696,284.6087399171955,278.7108442381023,282.90936279296875,4886800,0.0,0.0,PGR,Progressive
283.4091824276174,286.3181511776858,280.9200472252229,284.18890380859375,4740200,0.0,0.0,PGR,Progressive
282.9193463894405,284.2189024101866,276.1117704832102,281.1300048828125,2710000,0.0,0.0,PGR,Progressive
278.30999755859375,289.8800048828125,277.25,287.0,3831200,0.1,0.0,PGR,Progressive
276.1000061035156,281.54998779296875,256.55999755859375,257.6400146484375,7338600,0.0,0.0,PGR,Progressive
252.8000030517578,261.2799987792969,247.97999572753906,255.27000427246094,5910700,0.0,0.0,PGR,Progressive
264.0,270.25,256.94000244140625,260.3800048828125,5763700,0.0,0.0,PGR,Progressive
257.239990234375,272.8500061035156,255.80999755859375,270.1099853515625,6074600,0.0,0.0,PGR,Progressive
270.7099914550781,275.8299865722656,266.0,273.17999267578125,4346300,0.0,0.0,PGR,Progressive
272.3399963378906,276.6499938964844,268.5,275.6400146484375,3052600,0.0,0.0,PGR,Progressive
277.7900085449219,281.42999267578125,275.7900085449219,278.55999755859375,2486900,0.0,0.0,PGR,Progressive
279.07000732421875,282.0,275.7300109863281,276.1099853515625,2368900,0.0,0.0,PGR,Progressive
280.9800109863281,283.5,274.0299987792969,275.1300048828125,3069000,0.0,0.0,PGR,Progressive
272.5199890136719,274.44000244140625,265.0,265.45001220703125,3648800,0.0,0.0,PGR,Progressive
264.17999267578125,264.9700012207031,254.2100067138672,257.4100036621094,2775400,0.0,0.0,PGR,Progressive
260.239990234375,265.8500061035156,258.739990234375,265.0799865722656,3712300,0.0,0.0,PGR,Progressive
265.0799865722656,267.010009765625,263.1199951171875,265.0299987792969,2001200,0.0,0.0,PGR,Progressive
264.7799987792969,266.010009765625,262.20001220703125,265.19000244140625,1821600,0.0,0.0,PGR,Progressive
265.0299987792969,265.7099914550781,260.75,265.010009765625,1826900,0.0,0.0,PGR,Progressive
268.5899963378906,270.29998779296875,266.0799865722656,269.5799865722656,2104200,0.0,0.0,PGR,Progressive
270.25,277.0899963378906,269.6499938964844,276.30999755859375,2690600,0.0,0.0,PGR,Progressive
277.3900146484375,282.6000061035156,274.0,281.739990234375,3124900,0.0,0.0,PGR,Progressive
278.8599853515625,280.0,276.0,277.6600036621094,2474500,0.0,0.0,PGR,Progressive
279.05999755859375,283.44000244140625,278.5799865722656,282.80999755859375,1566100,0.0,0.0,PGR,Progressive
282.42999267578125,284.0,279.3500061035156,282.1600036621094,2229200,0.0,0.0,PGR,Progressive
281.5,284.44000244140625,280.69000244140625,283.6600036621094,1927200,0.0,0.0,PGR,Progressive
283.5799865722656,287.489990234375,282.9100036621094,286.3800048828125,2304600,0.0,0.0,PGR,Progressive
285.1000061035156,286.20001220703125,283.1300048828125,283.9200134277344,2147000,0.0,0.0,PGR,Progressive
283.5799865722656,287.0,283.1099853515625,284.510009765625,1542700,0.0,0.0,PGR,Progressive
284.0400085449219,286.260009765625,274.7099914550781,280.25,3349100,0.0,0.0,PGR,Progressive
280.30999755859375,285.0799865722656,279.3999938964844,282.5899963378906,3014500,0.0,0.0,PGR,Progressive
283.7300109863281,284.4800109863281,277.4800109863281,278.1700134277344,2422700,0.0,0.0,PGR,Progressive
278.8500061035156,281.8399963378906,277.8800048828125,281.1499938964844,4913600,0.0,0.0,PGR,Progressive
280.8500061035156,286.1300048828125,280.79998779296875,286.0299987792969,2779500,0.0,0.0,PGR,Progressive
286.6400146484375,289.1000061035156,284.75,288.239990234375,1825900,0.0,0.0,PGR,Progressive
286.9200134277344,288.9200134277344,285.29998779296875,285.6300048828125,1844800,0.0,0.0,PGR,Progressive
283.8399963378906,285.79998779296875,278.3299865722656,281.0,3127500,0.0,0.0,PGR,Progressive
280.1400146484375,281.0,275.9599914550781,277.1199951171875,2505700,0.0,0.0,PGR,Progressive
277.80999755859375,278.8699951171875,276.5,277.29998779296875,1677600,0.0,0.0,PGR,Progressive
276.80999755859375,280.3599853515625,273.4200134277344,278.75,3468200,0.0,0.0,PGR,Progressive
275.3699951171875,280.44000244140625,275.3500061035156,277.0299987792969,3182600,0.0,0.0,PGR,Progressive
276.3900146484375,277.3699951171875,275.3800048828125,277.29998779296875,2270700,0.0,0.0,PGR,Progressive
277.1199951171875,285.239990234375,276.5,284.92999267578125,5075000,0.0,0.0,PGR,Progressive
283.2200012207031,288.8299865722656,281.6000061035156,288.739990234375,2107600,0.0,0.0,PGR,Progressive
287.8399963378906,289.9599914550781,281.1700134277344,287.25,2896500,0.0,0.0,PGR,Progressive
288.3500061035156,288.3500061035156,281.67999267578125,282.1700134277344,2432100,0.0,0.0,PGR,Progressive
283.260009765625,283.75,279.4800109863281,280.20001220703125,2520800,0.0,0.0,PGR,Progressive
282.1000061035156,283.95001220703125,278.67999267578125,279.32000732421875,2442300,0.0,0.0,PGR,Progressive
278.0,278.7099914550781,266.010009765625,271.30999755859375,5885900,0.0,0.0,PGR,Progressive
270.1000061035156,271.0,264.54998779296875,265.489990234375,3987300,0.0,0.0,PGR,Progressive
264.9599914550781,265.5,262.1099853515625,263.2200012207031,3013400,0.0,0.0,PGR,Progressive
263.3500061035156,268.45001220703125,262.92999267578125,268.4200134277344,3045600,0.0,0.0,PGR,Progressive
268.5,269.8399963378906,266.6300048828125,267.8500061035156,3152200,0.0,0.0,PGR,Progressive
268.489990234375,269.7799987792969,265.67999267578125,266.42999267578125,3509200,0.0,0.0,PGR,Progressive
265.510009765625,266.8500061035156,262.8999938964844,265.7699890136719,2495200,0.0,0.0,PGR,Progressive
265.1499938964844,266.260009765625,257.6099853515625,260.3299865722656,4771900,0.0,0.0,PGR,Progressive
260.510009765625,264.239990234375,259.1000061035156,262.010009765625,8887100,0.0,0.0,PGR,Progressive
262.7799987792969,267.0199890136719,262.7799987792969,266.3800048828125,3006500,0.0,0.0,PGR,Progressive
111.69999694824219,112.19999694824219,110.16999816894531,110.81999969482422,5688100,0.0,0.0,DIS,Walt Disney
111.37000274658203,111.54000091552734,110.18000030517578,111.16000366210938,5393100,0.0,0.0,DIS,Walt Disney
111.47000122070312,112.8499984741211,110.87000274658203,111.05000305175781,6274400,0.0,0.0,DIS,Walt Disney
112.1500015258789,113.73999786376953,111.29000091552734,111.38999938964844,7878800,0.0,0.0,DIS,Walt Disney
111.0,111.11000061035156,108.63999938964844,109.76000213623047,7805300,0.0,0.0,DIS,Walt Disney
110.0,110.54000091552734,107.62000274658203,108.6500015258789,8835500,0.0,0.0,DIS,Walt Disney
107.93000030517578,108.61000061035156,106.72000122070312,108.08000183105469,6690200,0.0,0.0,DIS,Walt Disney
108.68000030517578,108.95999908447266,107.61000061035156,108.12000274658203,5501600,0.0,0.0,DIS,Walt Disney
109.16999816894531,109.5999984741211,107.98999786376953,108.18000030517578,6296900,0.0,0.0,DIS,Walt Disney
108.29000091552734,108.5999984741211,106.16000366210938,106.45999908447266,7872800,0.0,0.0,DIS,Walt Disney
106.83000183105469,107.73999786376953,106.54000091552734,107.0199966430664,7144300,0.0,0.0,DIS,Walt Disney
107.0999984741211,109.44999694824219,106.80000305175781,108.69999694824219,8643700,0.0,0.0,DIS,Walt Disney
109.55000305175781,109.55000305175781,108.2300033569336,108.80999755859375,8781700,0.0,0.0,DIS,Walt Disney
108.5,111.06999969482422,108.48999786376953,111.04000091552734,7608300,0.0,0.0,DIS,Walt Disney
111.16000366210938,113.38999938964844,110.62999725341797,112.16000366210938,8304500,0.0,0.0,DIS,Walt Disney
111.68000030517578,114.08000183105469,111.45999908447266,113.33999633789062,10176900,0.0,0.0,DIS,Walt Disney
112.8499984741211,112.95999908447266,111.55999755859375,112.13999938964844,6516800,0.0,0.0,DIS,Walt Disney
113.5,114.37999725341797,112.76000213623047,113.19000244140625,7607100,0.0,0.0,DIS,Walt Disney
114.08999633789062,115.18000030517578,113.12000274658203,113.43000030517578,6236200,0.0,0.0,DIS,Walt Disney
113.30000305175781,114.01000213623047,112.76000213623047,113.05999755859375,7797700,0.0,0.0,DIS,Walt Disney
111.3499984741211,114.5999984741211,110.86000061035156,114.0,8870700,0.0,0.0,DIS,Walt Disney
113.80000305175781,114.66000366210938,112.51000213623047,113.30000305175781,13521100,0.0,0.0,DIS,Walt Disney
115.69999694824219,118.58999633789062,110.2300033569336,110.54000091552734,23310000,0.0,0.0,DIS,Walt Disney
111.87999725341797,112.68000030517578,109.1500015258789,112.08999633789062,12470800,0.0,0.0,DIS,Walt Disney
111.61000061035156,112.55000305175781,110.80999755859375,110.86000061035156,8669300,0.0,0.0,DIS,Walt Disney
111.13999938964844,111.37999725341797,108.69000244140625,109.27999877929688,8239500,0.0,0.0,DIS,Walt Disney
108.37999725341797,109.05000305175781,107.69000244140625,109.0199966430664,7456700,0.0,0.0,DIS,Walt Disney
108.25,109.52999877929688,107.75,109.2300033569336,6521200,0.0,0.0,DIS,Walt Disney
108.91999816894531,109.76000213623047,108.55999755859375,109.58999633789062,6553200,0.0,0.0,DIS,Walt Disney
109.86000061035156,110.51000213623047,109.58999633789062,110.37999725341797,5964500,0.0,0.0,DIS,Walt Disney
109.77999877929688,109.91999816894531,108.70999908447266,109.55999755859375,8362900,0.0,0.0,DIS,Walt Disney
109.13999938964844,111.76000213623047,109.13999938964844,111.3499984741211,8452100,0.0,0.0,DIS,Walt Disney
111.23999786376953,111.5199966430664,109.37999725341797,110.55000305175781,5970100,0.0,0.0,DIS,Walt Disney
111.0,111.76000213623047,107.91999816894531,108.66000366210938,9082100,0.0,0.0,DIS,Walt Disney
108.83999633789062,111.55999755859375,108.6500015258789,111.19999694824219,7093300,0.0,0.0,DIS,Walt Disney
111.43000030517578,111.9000015258789,109.06999969482422,110.52999877929688,7289000,0.0,0.0,DIS,Walt Disney
110.05999755859375,113.25,110.05999755859375,111.83000183105469,7831600,0.0,0.0,DIS,Walt Disney
112.31999969482422,113.12000274658203,111.05999755859375,111.30999755859375,7854700,0.0,0.0,DIS,Walt Disney
111.45999908447266,113.98999786376953,111.0,113.80000305175781,14609400,0.0,0.0,DIS,Walt Disney
114.06999969482422,115.55000305175781,112.0,112.79000091552734,7884700,0.0,0.0,DIS,Walt Disney
111.69999694824219,112.25,108.2699966430664,109.01000213623047,12658000,0.0,0.0,DIS,Walt Disney
109.33999633789062,110.94000244140625,108.22000122070312,109.30999755859375,9956100,0.0,0.0,DIS,Walt Disney
108.37999725341797,108.83000183105469,105.0199966430664,105.43000030517578,11618800,0.0,0.0,DIS,Walt Disney
105.0,105.7699966430664,103.30999755859375,105.51000213623047,12715900,0.0,0.0,DIS,Walt Disney
104.43000030517578,104.80000305175781,102.11000061035156,103.08000183105469,10947100,0.0,0.0,DIS,Walt Disney
99.79000091552734,101.04000091552734,97.44999694824219,97.9000015258789,16906000,0.0,0.0,DIS,Walt Disney
98.68000030517578,99.48999786376953,96.37999725341797,98.76000213623047,11891800,0.0,0.0,DIS,Walt Disney
97.7699966430664,98.6500015258789,95.93000030517578,96.87000274658203,11059500,0.0,0.0,DIS,Walt Disney
97.44000244140625,99.0999984741211,97.41999816894531,98.63999938964844,10199800,0.0,0.0,DIS,Walt Disney
98.73999786376953,100.12000274658203,98.66000366210938,99.36000061035156,8332100,0.0,0.0,DIS,Walt Disney
99.2699966430664,99.7300033569336,98.4800033569336,99.3499984741211,6727000,0.0,0.0,DIS,Walt Disney
99.66000366210938,100.95999908447266,99.47000122070312,100.29000091552734,8614600,0.0,0.0,DIS,Walt Disney
99.56999969482422,100.05000305175781,98.63999938964844,98.86000061035156,7836500,0.0,0.0,DIS,Walt Disney
98.37999725341797,99.88999938964844,97.75,99.45999908447266,15089900,0.0,0.0,DIS,Walt Disney
100.22000122070312,100.44000244140625,98.86000061035156,100.18000030517578,8224400,0.0,0.0,DIS,Walt Disney
100.6500015258789,101.76000213623047,100.41000366210938,101.61000061035156,7365200,0.0,0.0,DIS,Walt Disney
101.69999694824219,102.2699966430664,100.26000213623047,100.77999877929688,6314000,0.0,0.0,DIS,Walt Disney
100.70999908447266,101.02999877929688,99.58000183105469,100.44999694824219,6598800,0.0,0.0,DIS,Walt Disney
100.05000305175781,100.38999938964844,97.73999786376953,98.06999969482422,7679700,0.0,0.0,DIS,Walt Disney
96.83000183105469,98.8499984741211,95.69999694824219,98.69999694824219,10554000,0.0,0.0,DIS,Walt Disney
98.31999969482422,98.58999633789062,96.83999633789062,97.68000030517578,8762700,0.0,0.0,DIS,Walt Disney
96.62000274658203,98.30999755859375,96.44999694824219,97.87999725341797,7959900,0.0,0.0,DIS,Walt Disney
94.51000213623047,94.77999877929688,88.61000061035156,88.83999633789062,19353400,0.0,0.0,DIS,Walt Disney
86.0,87.54000091552734,83.08000183105469,83.52999877929688,22580900,0.0,0.0,DIS,Walt Disney
80.98999786376953,86.62999725341797,80.0999984741211,83.30000305175781,20456000,0.0,0.0,DIS,Walt Disney
85.94999694824219,86.94999694824219,80.8499984741211,81.72000122070312,14845600,0.0,0.0,DIS,Walt Disney
81.29000091552734,92.25,81.19000244140625,91.44000244140625,24970900,0.0,0.0,DIS,Walt Disney
88.91999816894531,89.01000213623047,83.06999969482422,85.2300033569336,16377000,0.0,0.0,DIS,Walt Disney
85.11000061035156,85.66999816894531,83.3499984741211,84.88999938964844,10204400,0.0,0.0,DIS,Walt Disney
85.83000183105469,86.44999694824219,84.02999877929688,84.66000366210938,10841300,0.0,0.0,DIS,Walt Disney
84.75,85.9800033569336,84.5199966430664,85.01000213623047,7840500,0.0,0.0,DIS,Walt Disney
84.27999877929688,84.80000305175781,82.01000213623047,82.7699966430664,10144300,0.0,0.0,DIS,Walt Disney
83.37000274658203,85.77999877929688,83.36000061035156,84.80999755859375,14728100,0.0,0.0,DIS,Walt Disney
84.91000366210938,85.2300033569336,82.9800033569336,84.0,14166800,0.0,0.0,DIS,Walt Disney
85.01000213623047,86.55999755859375,84.5999984741211,86.08999633789062,9578500,0.0,0.0,DIS,Walt Disney
89.02999877929688,89.87000274658203,87.02999877929688,87.29000091552734,12089100,0.0,0.0,DIS,Walt Disney
87.44999694824219,90.23999786376953,86.7699966430664,90.01000213623047,10310000,0.0,0.0,DIS,Walt Disney
90.06999969482422,90.33999633789062,89.06999969482422,90.27999877929688,7749600,0.0,0.0,DIS,Walt Disney
90.44999694824219,91.37000274658203,89.63999938964844,90.16000366210938,8491800,0.0,0.0,DIS,Walt Disney
89.83000183105469,91.66000366210938,89.76000213623047,91.16999816894531,6359900,0.0,0.0,DIS,Walt Disney
89.88999938964844,91.19000244140625,88.55999755859375,90.94999694824219,8474800,0.0,0.0,DIS,Walt Disney
91.2699966430664,91.61000061035156,90.36000061035156,90.80999755859375,7790600,0.0,0.0,DIS,Walt Disney
91.83999633789062,93.19000244140625,91.83999633789062,92.48999786376953,7594000,0.0,0.0,DIS,Walt Disney
89.69999694824219,93.08000183105469,89.61000061035156,92.11000061035156,10231000,0.0,0.0,DIS,Walt Disney
91.19999694824219,92.73999786376953,91.0,92.16999816894531,11839400,0.0,0.0,DIS,Walt Disney
102.41999816894531,103.30999755859375,100.13999938964844,102.08999633789062,36155300,0.0,0.0,DIS,Walt Disney
103.97000122070312,106.19000244140625,103.86000061035156,105.12000274658203,19265400,0.0,0.0,DIS,Walt Disney
105.26000213623047,106.19000244140625,104.76000213623047,105.94000244140625,10438200,0.0,0.0,DIS,Walt Disney
109.87000274658203,110.94000244140625,108.66000366210938,110.48999786376953,18366600,0.0,0.0,DIS,Walt Disney
110.25,112.19999694824219,110.1500015258789,111.37999725341797,14076700,0.0,0.0,DIS,Walt Disney
111.37999725341797,113.41000366210938,110.83000183105469,112.94000244140625,15352200,0.0,0.0,DIS,Walt Disney
112.2300033569336,112.8499984741211,111.58000183105469,112.22000122070312,8322400,0.0,0.0,DIS,Walt Disney
111.91999816894531,113.44000244140625,111.41999816894531,113.41999816894531,10961000,0.0,0.0,DIS,Walt Disney
112.12000274658203,112.98999786376953,111.9000015258789,112.66000366210938,7209700,0.0,0.0,DIS,Walt Disney
112.44000244140625,113.4000015258789,111.80999755859375,112.36000061035156,6433300,0.0,0.0,DIS,Walt Disney
111.69000244140625,112.48999786376953,110.12999725341797,110.45999908447266,10150600,0.0,0.0,DIS,Walt Disney
109.9800033569336,111.80000305175781,109.9800033569336,111.12999725341797,7903700,0.0,0.0,DIS,Walt Disney
109.5999984741211,110.3499984741211,108.77999877929688,109.72000122070312,8086100,0.0,0.0,DIS,Walt Disney
111.02999877929688,112.88999938964844,110.1500015258789,112.36000061035156,10201100,0.0,0.0,DIS,Walt Disney
112.19999694824219,112.47000122070312,111.16999816894531,111.5199966430664,5787900,0.0,0.0,DIS,Walt Disney
112.01000213623047,112.26000213623047,110.5199966430664,112.0199966430664,9682100,0.0,0.0,DIS,Walt Disney
112.01000213623047,113.3499984741211,111.37000274658203,113.04000091552734,12881100,0.0,0.0,DIS,Walt Disney
112.68000030517578,113.5999984741211,112.25,112.94999694824219,7546800,0.0,0.0,DIS,Walt Disney
112.7300033569336,114.69000244140625,112.5199966430664,113.5999984741211,9738800,0.0,0.0,DIS,Walt Disney
113.86000061035156,114.05000305175781,112.9800033569336,113.48999786376953,5614900,0.0,0.0,DIS,Walt Disney
113.7300033569336,114.33999633789062,111.83999633789062,112.52999877929688,8547200,0.0,0.0,DIS,Walt Disney
113.36000061035156,114.22000122070312,113.20999908447266,113.9000015258789,5790700,0.0,0.0,DIS,Walt Disney
113.9800033569336,116.11000061035156,113.9800033569336,115.66000366210938,7960400,0.0,0.0,DIS,Walt Disney
115.52999877929688,120.5,115.52999877929688,118.7300033569336,18948400,0.0,0.0,DIS,Walt Disney
118.37999725341797,119.55000305175781,117.6500015258789,119.5199966430664,10439200,0.0,0.0,DIS,Walt Disney
118.87000274658203,119.38999938964844,117.66000366210938,118.61000061035156,7980300,0.0,0.0,DIS,Walt Disney
117.30999755859375,118.31999969482422,117.30000305175781,117.94000244140625,13204900,0.0,0.0,DIS,Walt Disney
118.0199966430664,120.33999633789062,117.87000274658203,119.4800033569336,9592100,0.0,0.0,DIS,Walt Disney
118.98999786376953,119.33000183105469,117.6500015258789,118.12999725341797,9241200,0.0,0.0,DIS,Walt Disney
117.87999725341797,118.75,116.83999633789062,117.86000061035156,8181200,0.0,0.0,DIS,Walt Disney
118.25,119.05000305175781,116.9000015258789,117.62999725341797,17180400,0.0,0.0,DIS,Walt Disney
116.66000366210938,117.98999786376953,115.0199966430664,117.75,8332100,0.0,0.0,DIS,Walt Disney
190.20041592197336,191.54723853202438,187.05785012893006,188.98329162597656,20370800,0.0,0.0,GOOGL,Alphabet (Class A)
190.91871503010498,192.75438759446627,189.5319934742947,191.3377227783203,18596200,0.0,0.0,GOOGL,Alphabet (Class A)
193.52257715244394,197.75258441221385,193.39289405316484,196.40576171875,29563600,0.0,0.0,GOOGL,Alphabet (Class A)
196.64519723763246,200.52602365365914,194.1411215269442,195.02902221679688,26487200,0.0,0.0,GOOGL,Alphabet (Class A)
192.1159097803505,195.82712367795403,191.9263553819348,193.49264526367188,24864800,0.0,0.0,GOOGL,Alphabet (Class A)
193.84180793276101,196.05657398255568,189.86121160590176,191.58712768554688,26665200,0.0,0.0,GOOGL,Alphabet (Class A)
189.62179973101152,190.72916760562472,186.9181835340065,190.5595703125,21823700,0.0,0.0,GOOGL,Alphabet (Class A)
190.78904460131218,191.5272898730932,187.86594588528064,189.2127685546875,17174900,0.0,0.0,GOOGL,Alphabet (Class A)
192.63466153374213,195.8969546519061,191.40756631826648,195.0888671875,21776000,0.0,0.0,GOOGL,Alphabet (Class A)
193.68218859975212,195.01902502838223,192.3553231094348,192.45509338378906,17815400,0.0,0.0,GOOGL,Alphabet (Class A)
196.06656026544184,196.76490654687785,193.29311701716207,195.53781127929688,27735100,0.0,0.0,GOOGL,Alphabet (Class A)
198.60057627447708,201.81296912173477,197.40339384073826,197.58297729492188,29971300,0.0,0.0,GOOGL,Alphabet (Class A)
198.590597036243,200.00724672789295,197.0642061251015,197.9022216796875,26200600,0.0,0.0,GOOGL,Alphabet (Class A)
197.6727641738203,199.82767431730463,194.73969457121225,197.5131378173828,26951400,0.0,0.0,GOOGL,Alphabet (Class A)
197.63285957708698,200.42624462128626,197.53308930144837,199.73788452148438,23877500,0.0,0.0,GOOGL,Alphabet (Class A)
191.956287781501,196.41574843517762,190.2802414199516,191.35769653320312,41728900,0.0,0.0,GOOGL,Alphabet (Class A)
192.2954724407757,195.01903051179218,190.23034644146827,194.83946228027344,24157900,0.0,0.0,GOOGL,Alphabet (Class A)
195.09884368413952,196.32593893457488,192.97386160771165,194.94920349121094,18218300,0.0,0.0,GOOGL,Alphabet (Class A)
197.53310428817028,200.9250807979349,197.20388062095304,200.39633178710938,24354700,0.0,0.0,GOOGL,Alphabet (Class A)
201.52365385241038,204.99544323065024,201.3241285268208,203.5388946533203,32042000,0.0,0.0,GOOGL,Alphabet (Class A)
200.2167427524067,203.26952433872827,199.62813772190552,200.75546264648438,27838300,0.0,0.0,GOOGL,Alphabet (Class A)
202.91038629062132,206.5617593135444,202.33175215943618,205.89334106445312,43856400,0.0,0.0,GOOGL,Alphabet (Class A)
190.61944853764197,192.29547965256887,187.58660858281107,190.8788299560547,70373900,0.0,0.0,GOOGL,Alphabet (Class A)
189.05313928868878,191.64701430736628,188.274979827647,191.148193359375,29297400,0.0,0.0,GOOGL,Alphabet (Class A)
190.59948056645624,190.7291636568626,182.80790006860101,184.90293884277344,49315000,0.0,0.0,GOOGL,Alphabet (Class A)
186.90821845084508,187.75620494303442,185.42172652057317,186.03028869628906,23105600,0.0,0.0,GOOGL,Alphabet (Class A)
184.59368617808016,186.49918592908514,183.84545472617006,184.8830108642578,21239500,0.0,0.0,GOOGL,Alphabet (Class A)
182.78793750670852,184.67347995852103,181.40121597043165,183.17701721191406,22072600,0.0,0.0,GOOGL,Alphabet (Class A)
183.8853646978078,185.84073432237415,182.70813932469304,185.70106506347656,21402500,0.0,0.0,GOOGL,Alphabet (Class A)
184.62360034222002,185.96043678235034,183.88535510775145,184.79319763183594,20448400,0.0,0.0,GOOGL,Alphabet (Class A)
185.16234115126528,185.52149284111707,181.31144284116834,183.33665466308594,29916700,0.0,0.0,GOOGL,Alphabet (Class A)
183.63594741741645,185.02266901610753,183.1570683565281,184.83311462402344,19549400,0.0,0.0,GOOGL,Alphabet (Class A)
184.36422591283684,184.8730178009315,182.28912893693322,184.12478637695312,20441500,0.0,0.0,GOOGL,Alphabet (Class A)
184.71338754923798,184.90294194163184,178.65770926804197,179.23634338378906,35199200,0.0,0.0,GOOGL,Alphabet (Class A)
181.56086065766053,182.68818568914216,178.46816457980125,178.8273162841797,29854200,0.0,0.0,GOOGL,Alphabet (Class A)
177.620149186563,178.3185106633885,174.27805810561316,175.00633239746094,41913400,0.0,0.0,GOOGL,Alphabet (Class A)
174.6571711800562,175.66478399830825,171.1753955398117,172.3226776123047,35431300,0.0,0.0,GOOGL,Alphabet (Class A)
173.5797206760448,174.14836864650957,167.54398410119538,168.1026611328125,39991000,0.0,0.0,GOOGL,Alphabet (Class A)
168.28223059503162,170.20768740317763,166.37674611034126,169.8784637451172,48130600,0.0,0.0,GOOGL,Alphabet (Class A)
171.52456139173032,172.96116813684316,165.53871010229818,166.6161651611328,40770500,0.0,0.0,GOOGL,Alphabet (Class A)
165.84799570787212,172.88135895735127,165.40903083418053,170.51695251464844,45388000,0.0,0.0,GOOGL,Alphabet (Class A)
170.11790989089675,173.37021717369865,168.66134594316833,172.6120147705078,30954900,0.0,0.0,GOOGL,Alphabet (Class A)
170.12787268446783,174.39777881609385,170.0979446451701,171.94358825683594,28302000,0.0,0.0,GOOGL,Alphabet (Class A)
170.85613731453174,174.55739526661597,169.86848162814977,173.45001220703125,27385800,0.0,0.0,GOOGL,Alphabet (Class A)
168.05654311824674,168.25631348073628,163.49207685373173,165.66943359375,43604000,0.2,0.0,GOOGL,Alphabet (Class A)
164.71060268982163,166.5483741956788,161.17487454711969,163.84164428710938,39587400,0.0,0.0,GOOGL,Alphabet (Class A)
166.37858578107983,167.43730167009207,163.33227056435828,166.90794372558594,28372400,0.0,0.0,GOOGL,Alphabet (Class A)
165.8392348472833,165.92913761122173,161.91399391340872,162.56320190429688,31756200,0.0,0.0,GOOGL,Alphabet (Class A)
163.07258484755664,166.28869257421587,162.25356904272374,165.28990173339844,31995900,0.0,0.0,GOOGL,Alphabet (Class A)
164.83044981365524,166.0989184378049,163.47209367229158,164.09133911132812,31184300,0.0,0.0,GOOGL,Alphabet (Class A)
163.48207822407835,164.05139632119491,156.5305024761992,160.47572326660156,42074800,0.0,0.0,GOOGL,Alphabet (Class A)
161.56440408660148,165.6694351323274,160.8053285192439,163.69183349609375,34275600,0.0,0.0,GOOGL,Alphabet (Class A)
161.37464096618422,164.6906185813501,160.76537795311089,162.6031494140625,28138500,0.0,0.0,GOOGL,Alphabet (Class A)
161.01508017617863,164.04141524263727,160.69545978774022,163.79171752929688,36625800,0.0,0.0,GOOGL,Alphabet (Class A)
166.86800133324036,168.11648994593173,164.94032699026835,167.4772491455078,30879100,0.0,0.0,GOOGL,Alphabet (Class A)
168.775668441695,170.42368243836484,168.1164780833655,170.353759765625,24174400,0.0,0.0,GOOGL,Alphabet (Class A)
168.79565092149923,169.40491393976436,164.64067739498105,164.86041259765625,28901600,0.0,0.0,GOOGL,Alphabet (Class A)
164.43094810403895,165.21998619662182,161.8041232023028,162.04383850097656,24508300,0.0,0.0,GOOGL,Alphabet (Class A)
160.29595772818402,161.62435145983125,153.44425151462127,154.14340209960938,48669300,0.0,0.0,GOOGL,Alphabet (Class A)
152.9248693898488,155.3519238675497,150.47783482762614,154.45301818847656,54603500,0.0,0.0,GOOGL,Alphabet (Class A)
153.43424066067087,157.9088345005831,153.43424066067087,156.8800811767578,30672900,0.0,0.0,GOOGL,Alphabet (Class A)
154.9623987635517,158.21846678254826,154.51294591611935,156.85011291503906,25041700,0.0,0.0,GOOGL,Alphabet (Class A)
150.92729334389097,152.59527231622977,150.20816267744866,150.5377655029297,46883400,0.0,0.0,GOOGL,Alphabet (Class A)
147.83102450056057,150.8873372265073,145.20421499461688,145.4239501953125,62259500,0.0,0.0,GOOGL,Alphabet (Class A)
141.37884623013926,152.66518575265,140.3600753076292,146.5725555419922,76794100,0.0,0.0,GOOGL,Alphabet (Class A)
151.0371605852081,152.05593156691467,142.85706070456766,144.52503967285156,52200200,0.0,0.0,GOOGL,Alphabet (Class A)
144.24536764564118,159.3570775505851,143.73598981661124,158.51809692382812,70406200,0.0,0.0,GOOGL,Alphabet (Class A)
156.35071129003578,157.5292924054746,149.74870323215254,152.63522338867188,48022000,0.0,0.0,GOOGL,Alphabet (Class A)
152.71511816628092,157.47935489094493,152.63522830805417,156.9499969482422,33636200,0.0,0.0,GOOGL,Alphabet (Class A)
159.80653847762434,161.52445998548595,157.3694863273863,158.87767028808594,30333000,0.0,0.0,GOOGL,Alphabet (Class A)
158.93759983361085,159.4569601254283,155.02234135810752,156.12100219726562,27551500,0.0,0.0,GOOGL,Alphabet (Class A)
152.91488990871326,155.70150975970526,151.326800825977,153.1446075439453,28187400,0.0,0.0,GOOGL,Alphabet (Class A)
154.10343899442373,154.49296683009544,148.32044647401452,150.97723388671875,32938500,0.0,0.0,GOOGL,Alphabet (Class A)
148.69998342759925,148.76989086061988,145.9233461435289,147.49143981933594,26049100,0.0,0.0,GOOGL,Alphabet (Class A)
148.70996777577147,152.0059806006662,148.360384885124,151.28684997558594,26971800,0.0,0.0,GOOGL,Alphabet (Class A)
155.42185055428513,157.3395272287139,153.62402390940207,155.16217041015625,31128800,0.0,0.0,GOOGL,Alphabet (Class A)
155.96118216578617,159.39702506290834,155.60161685700967,159.08740234375,45894000,0.0,0.0,GOOGL,Alphabet (Class A)
164.8704156189098,165.89916899199292,160.84527440652565,161.76417541503906,56034000,0.0,0.0,GOOGL,Alphabet (Class A)
162.2335934576757,162.9527241022343,158.40823784275827,160.41580200195312,29745800,0.0,0.0,GOOGL,Alphabet (Class A)
160.12616457196697,160.54565492156792,157.32954700095436,159.9663543701172,26809000,0.0,0.0,GOOGL,Alphabet (Class A)
157.78897065630795,159.07741935833297,155.2120884925965,158.6079864501953,34981100,0.0,0.0,GOOGL,Alphabet (Class A)
160.255986901565,161.7541731584952,158.7178557168657,161.10496520996094,30203200,0.0,0.0,GOOGL,Alphabet (Class A)
163.21241957712974,164.77053089446972,161.6742731041275,163.8316650390625,25715000,0.0,0.0,GOOGL,Alphabet (Class A)
162.80291566353057,165.19002528971967,162.52325543253818,164.01145935058594,21341800,0.0,0.0,GOOGL,Alphabet (Class A)
161.97390744721895,164.60073221310822,160.99509669884785,163.03262329101562,21277200,0.0,0.0,GOOGL,Alphabet (Class A)
163.88160091924024,164.8004866523399,147.6612323828153,151.19696044921875,127490100,0.0,0.0,GOOGL,Alphabet (Class A)
154.81259075606965,155.74145898524296,152.715123752916,154.0934600830078,57498700,0.0,0.0,GOOGL,Alphabet (Class A)
153.98358884442797,154.86252969975314,152.01596958260927,152.5653076171875,32435300,0.0,0.0,GOOGL,Alphabet (Class A)
157.2995737723926,158.90762762310243,156.06106765297667,158.26840209960938,44138800,0.0,0.0,GOOGL,Alphabet (Class A)
158.59798647987657,160.37584814800852,155.97117700529293,159.33709716796875,42382100,0.0,0.0,GOOGL,Alphabet (Class A)
159.7665968345665,166.7980779664445,159.4170139283214,165.1700439453125,48755900,0.0,0.0,GOOGL,Alphabet (Class A)
165.63946564247587,166.00902860866202,162.1736602838883,163.76174926757812,33146700,0.0,0.0,GOOGL,Alphabet (Class A)
167.52719070383273,169.14524229932235,165.4197413290067,165.9890594482422,42846900,0.0,0.0,GOOGL,Alphabet (Class A)
164.311078821177,166.43850822896752,164.02143617765117,166.338623046875,30426100,0.0,0.0,GOOGL,Alphabet (Class A)
166.22875761227516,168.2962620339302,162.7030270512069,163.78172302246094,46607700,0.0,0.0,GOOGL,Alphabet (Class A)
163.49207927319333,172.93064990762463,163.36223158372133,168.35618591308594,73416000,0.0,0.0,GOOGL,Alphabet (Class A)
171.6422171391164,176.55626639163424,170.50359615670786,170.66339111328125,74864400,0.0,0.0,GOOGL,Alphabet (Class A)
168.85557933287677,169.7545002456487,167.68699586257836,168.26629638671875,35211400,0.0,0.0,GOOGL,Alphabet (Class A)
169.9542560308247,172.9606110264557,169.79444583588602,172.69093322753906,37995700,0.0,0.0,GOOGL,Alphabet (Class A)
172.95063181853965,175.0580811773991,171.70214322301487,172.15159606933594,34784000,0.0,0.0,GOOGL,Alphabet (Class A)
173.78960291012612,174.20909322624098,170.42368271917738,171.65219116210938,29373800,0.0,0.0,GOOGL,Alphabet (Class A)
171.14282080509608,172.0017815585655,167.23754486546525,171.5323486328125,52639900,0.0,0.0,GOOGL,Alphabet (Class A)
167.637058963566,169.66460324672883,167.18760611208933,168.82562255859375,38612300,0.0,0.0,GOOGL,Alphabet (Class A)
167.28749382619188,168.276287066322,165.08015922486254,165.97906494140625,45084900,0.0,0.0,GOOGL,Alphabet (Class A)
166.53838821108508,168.01659436979696,166.15884281939123,167.8468017578125,26900800,0.0,0.0,GOOGL,Alphabet (Class A)
170.1340365467451,170.72331951416996,167.3873615992156,168.00662231445312,36379100,0.0,0.0,GOOGL,Alphabet (Class A)
170.6234412090639,174.2890017669552,170.6234412090639,173.46998596191406,35731800,0.0,0.0,GOOGL,Alphabet (Class A)
174.5399932861328,176.47000122070312,174.3699951171875,176.08999633789062,28935900,0.21,0.0,GOOGL,Alphabet (Class A)
176.1999969482422,181.11000061035156,174.91000366210938,178.60000610351562,61766100,0.0,0.0,GOOGL,Alphabet (Class A)
179.77000427246094,180.3699951171875,176.75,177.35000610351562,31646800,0.0,0.0,GOOGL,Alphabet (Class A)
176.17999267578125,176.72000122070312,174.75,175.6999969482422,20941900,0.0,0.0,GOOGL,Alphabet (Class A)
172.44000244140625,177.1300048828125,172.38999938964844,174.6699981689453,27663100,0.0,0.0,GOOGL,Alphabet (Class A)
174.72999572753906,176.94000244140625,174.64999389648438,176.77000427246094,27389200,0.0,0.0,GOOGL,Alphabet (Class A)
175.6999969482422,177.36000061035156,174.5800018310547,175.9499969482422,24973000,0.0,0.0,GOOGL,Alphabet (Class A)
176.00999450683594,176.55999755859375,173.1999969482422,173.32000732421875,28707500,0.0,0.0,GOOGL,Alphabet (Class A)
173.9499969482422,174.33999633789062,165.4600067138672,166.63999938964844,75659900,0.0,0.0,GOOGL,Alphabet (Class A)
166.27000427246094,167.33999633789062,162.0,165.19000244140625,57378200,0.0,0.0,GOOGL,Alphabet (Class A)
76.19999694824219,76.52999877929688,72.41999816894531,75.19000244140625,72217200,0.0,0.0,PLTR,Palantir
75.38999938964844,79.9800033569336,75.19000244140625,79.88999938964844,62415000,0.0,0.0,PLTR,Palantir
78.69000244140625,80.05999755859375,74.61000061035156,75.91999816894531,105619500,0.0,0.0,PLTR,Palantir
75.19999694824219,75.38999938964844,69.75,69.98999786376953,91727300,0.0,0.0,PLTR,Palantir
68.12000274658203,69.52999877929688,66.51000213623047,68.2300033569336,91349500,0.0,0.0,PLTR,Palantir
66.01000213623047,68.19999694824219,65.04000091552734,67.26000213623047,78148600,0.0,0.0,PLTR,Palantir
64.29000091552734,65.68000030517578,63.400001525878906,64.9800033569336,69046300,0.0,0.0,PLTR,Palantir
67.18000030517578,68.2300033569336,65.19000244140625,65.91000366210938,56814900,0.0,0.0,PLTR,Palantir
68.55000305175781,68.8499984741211,67.08000183105469,68.13999938964844,56025800,0.0,0.0,PLTR,Palantir
69.08000183105469,71.43000030517578,68.36000061035156,69.23999786376953,62908700,0.0,0.0,PLTR,Palantir
70.9000015258789,72.33999633789062,69.94999694824219,71.7699966430664,54754000,0.0,0.0,PLTR,Palantir
73.23999786376953,73.63600158691406,70.60099792480469,73.06999969482422,56229000,0.0,0.0,PLTR,Palantir
74.5,77.16000366210938,73.80000305175781,76.87000274658203,66876400,0.0,0.0,PLTR,Palantir
76.04000091552734,79.0,75.83999633789062,78.9800033569336,55937900,0.0,0.0,PLTR,Palantir
79.05000305175781,82.23999786376953,78.44000244140625,78.9800033569336,77931900,0.0,0.0,PLTR,Palantir
74.06999969482422,76.72000122070312,72.66999816894531,75.44000244140625,76093300,0.0,0.0,PLTR,Palantir
75.54000091552734,80.73999786376953,74.04000091552734,80.2300033569336,65916700,0.0,0.0,PLTR,Palantir
79.94999694824219,80.81999969482422,77.80999755859375,79.76000213623047,49262200,0.0,0.0,PLTR,Palantir
80.0199966430664,81.83000183105469,79.37999725341797,81.22000122070312,46067500,0.0,0.0,PLTR,Palantir
81.0,85.22000122070312,80.87000274658203,82.48999786376953,79000200,0.0,0.0,PLTR,Palantir
80.125,84.25,78.47000122070312,83.73999786376953,126592700,0.0,0.0,PLTR,Palantir
102.80000305175781,106.91000366210938,100.51000213623047,103.83000183105469,230806800,0.0,0.0,PLTR,Palantir
101.77999877929688,103.56999969482422,99.31999969482422,101.36000061035156,90628300,0.0,0.0,PLTR,Palantir
101.08999633789062,111.54499816894531,100.26000213623047,111.27999877929688,128217500,0.0,0.0,PLTR,Palantir
111.66000366210938,116.30000305175781,110.44999694824219,110.8499984741211,143795400,0.0,0.0,PLTR,Palantir
112.02999877929688,116.76000213623047,108.72000122070312,116.6500015258789,99938100,0.0,0.0,PLTR,Palantir
116.5,118.66000366210938,112.0999984741211,112.62000274658203,94311700,0.0,0.0,PLTR,Palantir
110.29000091552734,117.58999633789062,110.0,117.38999938964844,75316900,0.0,0.0,PLTR,Palantir
117.30999755859375,118.38999938964844,115.1500015258789,117.91000366210938,60027000,0.0,0.0,PLTR,Palantir
117.9000015258789,120.66999816894531,116.80000305175781,119.16000366210938,65528900,0.0,0.0,PLTR,Palantir
120.94000244140625,125.0,118.43000030517578,124.62000274658203,84227200,0.0,0.0,PLTR,Palantir
123.86000061035156,125.41000366210938,108.55999755859375,112.05999755859375,147487300,0.0,0.0,PLTR,Palantir
102.91000366210938,107.4000015258789,95.80000305175781,106.2699966430664,243093900,0.0,0.0,PLTR,Palantir
107.68000030517578,109.06999969482422,100.0,101.3499984741211,129063200,0.0,0.0,PLTR,Palantir
95.87999725341797,99.01000213623047,89.30000305175781,90.68000030517578,184485000,0.0,0.0,PLTR,Palantir
90.6500015258789,91.69999694824219,85.25,87.83999633789062,132626300,0.0,0.0,PLTR,Palantir
89.16000366210938,91.69000244140625,87.58999633789062,89.30999755859375,94428700,0.0,0.0,PLTR,Palantir
91.91000366210938,93.62000274658203,84.16999816894531,84.7699966430664,99680500,0.0,0.0,PLTR,Palantir
79.9800033569336,85.18000030517578,78.58000183105469,84.91999816894531,125977400,0.0,0.0,PLTR,Palantir
88.55000305175781,90.4800033569336,82.52999877929688,83.41999816894531,114573900,0.0,0.0,PLTR,Palantir
80.16000366210938,88.5,79.30000305175781,84.4000015258789,116800300,0.0,0.0,PLTR,Palantir
86.3499984741211,90.30000305175781,82.5,90.12999725341797,116053000,0.0,0.0,PLTR,Palantir
87.50499725341797,88.33999633789062,80.01000213623047,80.45999908447266,117340600,0.0,0.0,PLTR,Palantir
80.0250015258789,85.16000366210938,79.1500015258789,84.91000366210938,105377100,0.0,0.0,PLTR,Palantir
82.0,82.69000244140625,74.56999969482422,76.37999725341797,136843800,0.0,0.0,PLTR,Palantir
75.78500366210938,80.74500274658203,75.52999877929688,78.05000305175781,109351500,0.0,0.0,PLTR,Palantir
83.4800033569336,84.55000305175781,79.86000061035156,83.6500015258789,116525100,0.0,0.0,PLTR,Palantir
82.84500122070312,83.73999786376953,78.31999969482422,79.62000274658203,100927200,0.0,0.0,PLTR,Palantir
82.97000122070312,87.2699966430664,82.16000366210938,86.23999786376953,113985000,0.0,0.0,PLTR,Palantir
88.44000244140625,88.81999969482422,84.5,87.3499984741211,99348900,0.0,0.0,PLTR,Palantir
85.77999877929688,86.16999816894531,81.80000305175781,83.88999938964844,93236500,0.0,0.0,PLTR,Palantir
84.55000305175781,87.98999786376953,82.86000061035156,86.0999984741211,89797400,0.0,0.0,PLTR,Palantir
85.54000091552734,89.80000305175781,85.12000274658203,87.38999938964844,105547400,0.0,0.0,PLTR,Palantir
85.8499984741211,91.06999969482422,84.45999908447266,90.95999908447266,116748700,0.0,0.0,PLTR,Palantir
93.4000015258789,97.38999938964844,92.27999877929688,96.75,112164700,0.0,0.0,PLTR,Palantir
97.22000122070312,98.16999816894531,95.08000183105469,96.5,78015300,0.0,0.0,PLTR,Palantir
96.29000091552734,97.30000305175781,90.81999969482422,92.27999877929688,81428600,0.0,0.0,PLTR,Palantir
91.01499938964844,93.6500015258789,89.66999816894531,90.08999633789062,82823000,0.0,0.0,PLTR,Palantir
89.33999633789062,89.37999725341797,84.0999984741211,85.8499984741211,91091700,0.0,0.0,PLTR,Palantir
80.0,84.6500015258789,78.75,84.4000015258789,108092900,0.0,0.0,PLTR,Palantir
83.88999938964844,85.27999877929688,81.81999969482422,84.68000030517578,78980700,0.0,0.0,PLTR,Palantir
82.4000015258789,88.40499877929688,82.30000305175781,87.44999694824219,96563100,0.0,0.0,PLTR,Palantir
81.25,85.68000030517578,81.01000213623047,83.5999984741211,93878200,0.0,0.0,PLTR,Palantir
80.06999969482422,80.9800033569336,71.93000030517578,74.01000213623047,147323200,0.0,0.0,PLTR,Palantir
66.6500015258789,81.80000305175781,66.12000274658203,77.83999633789062,169083700,0.0,0.0,PLTR,Palantir
83.29000091552734,86.11399841308594,75.22000122070312,77.31999969482422,135345600,0.0,0.0,PLTR,Palantir
78.19000244140625,93.33000183105469,77.2699966430664,92.01000213623047,187244300,0.0,0.0,PLTR,Palantir
88.4000015258789,90.77999877929688,84.13999938964844,88.58999633789062,124448200,0.0,0.0,PLTR,Palantir
87.9800033569336,89.55000305175781,85.47000122070312,88.55000305175781,95130700,0.0,0.0,PLTR,Palantir
95.80000305175781,97.33000183105469,91.45999908447266,92.62000274658203,122836900,0.0,0.0,PLTR,Palantir
93.52999877929688,98.98999786376953,93.05000305175781,98.4000015258789,118457700,0.0,0.0,PLTR,Palantir
96.27999877929688,97.30000305175781,89.62000274658203,92.70999908447266,121997600,0.0,0.0,PLTR,Palantir
94.70999908447266,95.11000061035156,92.2699966430664,93.77999877929688,83991800,0.0,0.0,PLTR,Palantir
92.83999633789062,96.4749984741211,89.30999755859375,90.80000305175781,83831100,0.0,0.0,PLTR,Palantir
93.01499938964844,96.33999633789062,91.3499984741211,93.98999786376953,91185400,0.0,0.0,PLTR,Palantir
98.86000061035156,103.76000213623047,97.83000183105469,100.81999969482422,112909500,0.0,0.0,PLTR,Palantir
101.52999877929688,108.0,100.91000366210938,107.77999877929688,103190700,0.0,0.0,PLTR,Palantir
108.05000305175781,112.87999725341797,106.55000305175781,112.77999877929688,103933800,0.0,0.0,PLTR,Palantir
113.77999877929688,114.86000061035156,108.87000274658203,114.6500015258789,111082900,0.0,0.0,PLTR,Palantir
113.9800033569336,117.2300033569336,113.23999786376953,116.08000183105469,79709000,0.0,0.0,PLTR,Palantir
111.61000061035156,118.77999877929688,110.54000091552734,118.44000244140625,109461700,0.0,0.0,PLTR,Palantir
120.04000091552734,120.19000244140625,116.0,116.19999694824219,90677600,0.0,0.0,PLTR,Palantir
118.66000366210938,124.41999816894531,118.62999725341797,124.27999877929688,103094300,0.0,0.0,PLTR,Palantir
123.69999694824219,125.25499725341797,121.36000061035156,123.7699966430664,135961300,0.0,0.0,PLTR,Palantir
112.70999908447266,113.91000366210938,105.31999969482422,108.86000061035156,201193400,0.0,0.0,PLTR,Palantir
107.97000122070312,111.8499984741211,107.0,110.4800033569336,95428800,0.0,0.0,PLTR,Palantir
112.27999877929688,120.37999725341797,112.06999969482422,119.1500015258789,126966200,0.0,0.0,PLTR,Palantir
118.97000122070312,119.16000366210938,114.9000015258789,117.30000305175781,81005300,0.0,0.0,PLTR,Palantir
120.77999877929688,120.93499755859375,115.01000213623047,118.45999908447266,94257300,0.0,0.0,PLTR,Palantir
119.91999816894531,130.60000610351562,119.30999755859375,128.10000610351562,147155400,0.0,0.0,PLTR,Palantir
129.00999450683594,133.49000549316406,127.55899810791016,130.17999267578125,96611500,0.0,0.0,PLTR,Palantir
128.3699951171875,130.1999969482422,125.73999786376953,128.1199951171875,69503000,0.0,0.0,PLTR,Palantir
129.22999572753906,130.3300018310547,126.76000213623047,129.52000427246094,57003700,0.0,0.0,PLTR,Palantir
124.71499633789062,127.7699966430664,124.31999969482422,126.33000183105469,72503900,0.0,0.0,PLTR,Palantir
127.22000122070312,128.1999969482422,124.6500015258789,125.58999633789062,61265300,0.0,0.0,PLTR,Palantir
125.16000366210938,127.11000061035156,119.41000366210938,120.58000183105469,80657700,0.0,0.0,PLTR,Palantir
121.94999694824219,126.33000183105469,121.375,122.29000091552734,75498300,0.0,0.0,PLTR,Palantir
120.87999725341797,125.54000091552734,120.68000030517578,123.30999755859375,65905800,0.0,0.0,PLTR,Palantir
126.81999969482422,127.87999725341797,120.87999725341797,123.38999938964844,86455200,0.0,0.0,PLTR,Palantir
124.2300033569336,125.6500015258789,122.91000366210938,123.76000213623047,64866000,0.0,0.0,PLTR,Palantir
125.3499984741211,126.47000122070312,121.52999877929688,122.31999969482422,63137900,0.0,0.0,PLTR,Palantir
123.52999877929688,131.94000244140625,122.75,131.77999877929688,185897600,0.0,0.0,PLTR,Palantir
131.43499755859375,134.47999572753906,128.86000061035156,132.0399932861328,93218700,0.0,0.0,PLTR,Palantir
133.07000732421875,135.27999877929688,130.10000610351562,133.1699981689453,91297700,0.0,0.0,PLTR,Palantir
132.8000030517578,132.9499969482422,125.58000183105469,130.00999450683594,97306300,0.0,0.0,PLTR,Palantir
129.27000427246094,132.85000610351562,118.93000030517578,119.91000366210938,131055900,0.0,0.0,PLTR,Palantir
123.7300033569336,128.1300048828125,121.91999816894531,127.72000122070312,87175100,0.0,0.0,PLTR,Palantir
127.07499694824219,132.22999572753906,124.80000305175781,132.05999755859375,74785600,0.0,0.0,PLTR,Palantir
131.02000427246094,134.07000732421875,129.41000366210938,132.80999755859375,69308900,0.0,0.0,PLTR,Palantir
133.9199981689453,140.0,132.99000549316406,136.38999938964844,97366000,0.0,0.0,PLTR,Palantir
136.39999389648438,137.10000610351562,134.6300048828125,135.19000244140625,56248200,0.0,0.0,PLTR,Palantir
133.81500244140625,139.99000549316406,133.35000610351562,137.39999389648438,93519000,0.0,0.0,PLTR,Palantir
140.02999877929688,144.86000061035156,139.81199645996094,141.41000366210938,80779800,0.0,0.0,PLTR,Palantir
141.48500061035156,141.69000244140625,136.0800018310547,138.1999969482422,70479100,0.0,0.0,PLTR,Palantir
139.0399932861328,140.36000061035156,137.49000549316406,139.9600067138672,58260200,0.0,0.0,PLTR,Palantir
140.69000244140625,142.24000549316406,136.74200439453125,137.3000030517578,87067000,0.0,0.0,PLTR,Palantir
138.89999389648438,142.14999389648438,135.9600067138672,139.9199981689453,69862500,0.0,0.0,PLTR,Palantir
234.89467224464465,238.21677307849134,229.00639307789422,230.737060546875,31525800,0.0,0.0,AVGO,Broadcom
232.33843718684207,235.22290829231324,227.77303373396376,231.30401611328125,24973200,0.0,0.0,AVGO,Broadcom
235.2328399458194,240.4547106000078,232.0499884872445,235.14332580566406,34028400,0.0,0.0,AVGO,Broadcom
238.21677627914988,238.21677627914988,226.38054169141682,227.4149627685547,25928600,0.0,0.0,AVGO,Broadcom
228.46928492990614,231.224447767477,224.84878833109397,228.0813751220703,18756500,0.0,0.0,AVGO,Broadcom
226.08213946997498,226.6092985387438,220.06455207280356,223.108154296875,23864000,0.0,0.0,AVGO,Broadcom
218.8113251719128,228.03164668544468,218.3338860274386,224.08291625976562,23772100,0.0,0.0,AVGO,Broadcom
225.35605416660428,229.02627054352305,221.90464507549743,223.49606323242188,18143100,0.0,0.0,AVGO,Broadcom
227.3254527915606,229.10585545544438,224.37136456897184,226.7783966064453,21745600,0.0,0.0,AVGO,Broadcom
233.95969967931777,237.3215945997904,227.98190653844296,228.1808319091797,23471900,0.0,0.0,AVGO,Broadcom
235.8097444088683,236.8242835725569,231.4134282689292,236.16781616210938,31196600,0.0,0.0,AVGO,Broadcom
240.20605689672382,241.44935946865303,236.12801838998266,239.02243041992188,30903200,0.0,0.0,AVGO,Broadcom
245.42792277599875,245.66664232875289,239.40039445651226,239.6192169189453,29610500,0.0,0.0,AVGO,Broadcom
237.1326236409767,239.1119516811124,234.85488476225413,238.9925994873047,17653900,0.0,0.0,AVGO,Broadcom
243.388916015625,248.25271522121037,240.61387126666096,243.388916015625,25387800,0.0,0.0,AVGO,Broadcom
212.25661785745524,217.25966640130184,195.17861483873503,201.04701232910156,90569400,0.0,0.0,AVGO,Broadcom
206.89550423434798,208.82511239708182,197.8243728550176,206.24899291992188,50316000,0.0,0.0,AVGO,Broadcom
207.7210336563953,210.3170499087078,201.68356454977277,205.244384765625,32533700,0.0,0.0,AVGO,Broadcom
217.39892872365232,220.77076479899358,212.5550114288156,214.5045166015625,42449500,0.0,0.0,AVGO,Broadcom
218.4830830408062,225.58482688835468,215.1410850433108,220.08445739746094,41151000,0.0,0.0,AVGO,Broadcom
214.3055738366458,219.7562077938434,212.3660097783783,216.5634002685547,24507300,0.0,0.0,AVGO,Broadcom
218.1747361076132,221.8350115057257,214.14643283674255,221.23822021484375,23768500,0.0,0.0,AVGO,Broadcom
232.68656603327213,236.655178140881,226.28106873610923,230.7569580078125,29196000,0.0,0.0,AVGO,Broadcom
233.2435673645263,233.5419630234271,227.33539099101847,230.12039184570312,21169500,0.0,0.0,AVGO,Broadcom
233.7408903256276,234.3874016110339,222.90923861081072,223.6651611328125,22117500,0.0,0.0,AVGO,Broadcom
226.21144325370045,234.55650495912099,225.90310663411225,233.78067016601562,23901600,0.0,0.0,AVGO,Broadcom
231.23438884382873,236.6154061934542,228.73784266155081,233.78067016601562,18476200,0.0,0.0,AVGO,Broadcom
229.12575236017963,235.21295709169064,228.76768060085345,235.0836639404297,16397300,0.0,0.0,AVGO,Broadcom
234.7952073123988,235.68043815778395,229.49376319716993,234.53660583496094,20962000,0.0,0.0,AVGO,Broadcom
233.27340398730092,234.47692757260103,227.6735642639626,231.7913818359375,16988800,0.0,0.0,AVGO,Broadcom
228.8671372648847,230.9558764224961,223.0982104531825,227.3055419921875,26080500,0.0,0.0,AVGO,Broadcom
226.62921134559295,227.8426759366933,223.19768391672406,227.50448608398438,16375500,0.0,0.0,AVGO,Broadcom
227.42490128726203,227.7531349887954,221.55651919532602,225.525146484375,16104000,0.0,0.0,AVGO,Broadcom
224.44098778603393,226.52974230399755,214.47468469424038,217.4884490966797,24883600,0.0,0.0,AVGO,Broadcom
217.42876219289545,218.30403689258327,206.42800816920914,206.81591796875,33050400,0.0,0.0,AVGO,Broadcom
205.89091389331097,207.52212632383845,199.84348812776093,201.45480346679688,33100800,0.0,0.0,AVGO,Broadcom
205.80138215303398,212.39584836604757,204.89625428047222,211.799072265625,21368300,0.0,0.0,AVGO,Broadcom
216.11582707000042,218.07527315584846,196.34233792446364,196.74020385742188,27572900,0.0,0.0,AVGO,Broadcom
194.7111307916049,200.11204525224895,192.11511432006486,198.36146545410156,39747200,0.0,0.0,AVGO,Broadcom
202.90699215276217,202.96666825154045,183.5413088934314,186.3660888671875,37435600,0.0,0.0,AVGO,Broadcom
188.20617708139594,192.91082990746335,179.51299976965817,186.47549438476562,37910500,0.0,0.0,AVGO,Broadcom
190.83204167598672,193.04014844197357,186.0975505511234,190.5535430908203,25644500,0.0,0.0,AVGO,Broadcom
180.07000271886616,185.82898909254828,176.65838753239495,178.488525390625,56864100,0.0,0.0,AVGO,Broadcom
186.72414759118644,194.43262347019277,180.58720797069248,193.91542053222656,74528900,0.0,0.0,AVGO,Broadcom
188.5841468404869,190.95138470065143,179.4632654949402,183.46173095703125,44217100,0.0,0.0,AVGO,Broadcom
187.042439591706,194.57187198005923,184.3569091056981,189.07150268554688,42153200,0.0,0.0,AVGO,Broadcom
195.16867429968667,198.90852313623762,191.41886932882255,193.1893310546875,30409700,0.0,0.0,AVGO,Broadcom
192.11510411325628,195.26813273843965,188.4548286880205,190.33470153808594,27236100,0.0,0.0,AVGO,Broadcom
195.1487769988486,196.44181476434986,192.16485069863063,194.4923095703125,25900900,0.0,0.0,AVGO,Broadcom
187.04244732239061,195.66599238744354,186.4953911396409,193.4578857421875,26830600,0.0,0.0,AVGO,Broadcom
189.41963937638315,191.85650942710717,185.89859792830435,187.65911865234375,24951000,0.0,0.0,AVGO,Broadcom
188.3255247748892,197.2076862993918,185.89859571015103,194.52215576171875,37962700,0.0,0.0,AVGO,Broadcom
191.07028483788687,193.38482919291238,188.49634126152503,190.0925750732422,31430000,0.59,0.0,AVGO,Broadcom
187.7680500486342,191.61898656602207,186.93001097578843,191.20994567871094,43086500,0.0,0.0,AVGO,Broadcom
193.84374430020844,196.22813145043023,190.22226345995867,190.8009033203125,33180300,0.0,0.0,AVGO,Broadcom
190.44176137033776,191.15010088317746,187.2392922281401,187.81793212890625,23417300,0.0,0.0,AVGO,Broadcom
186.22169108981652,187.61839753899602,177.1630107999646,178.8490447998047,30578500,0.0,0.0,AVGO,Broadcom
177.24281965455754,177.96113015709955,170.05972985209556,171.5861358642578,32151700,0.0,0.0,AVGO,Broadcom
171.52626903406073,172.89306237053432,166.0790986557459,168.72286987304688,30391500,0.0,0.0,AVGO,Broadcom
164.1037511918917,167.54564688099268,160.2428283477029,167.03683471679688,35656400,0.0,0.0,AVGO,Broadcom
165.97932236837096,168.31383911147387,163.0362526513038,168.12428283691406,20472400,0.0,0.0,AVGO,Broadcom
165.69001587700646,173.02274761070083,165.11137599540348,171.68589782714844,19523700,0.0,0.0,AVGO,Broadcom
160.16301088631343,163.0462239364144,153.3390763295493,153.64834594726562,44354900,0.0,0.0,AVGO,Broadcom
147.82206238532814,152.44119499712113,138.84319636718175,145.94647216796875,72302200,0.0,0.0,AVGO,Broadcom
144.15071201050995,160.0532686888774,137.77571770816613,153.77804565429688,68503500,0.0,0.0,AVGO,Broadcom
167.22638511799587,169.3813165985967,152.73050609155888,155.66360473632812,58888200,0.0,0.0,AVGO,Broadcom
160.123114367162,186.8901140660102,157.14012999619408,184.71522521972656,72708300,0.0,0.0,AVGO,Broadcom
174.88837180036646,176.53449125851327,166.00926122947524,171.89541625976562,51212200,0.0,0.0,AVGO,Broadcom
173.21230129238546,182.23108212296813,172.9030316689023,181.5127716064453,33964100,0.0,0.0,AVGO,Broadcom
184.64539874647468,185.56323658454644,175.4071484698962,177.94117736816406,25748300,0.0,0.0,AVGO,Broadcom
179.30795233627114,181.83201015251177,177.66183296844753,178.52978515625,17242400,0.0,0.0,AVGO,Broadcom
170.02978924275115,175.6665310556684,166.52803689933666,174.19998168945312,34638600,0.0,0.0,AVGO,Broadcom
175.83612867337777,175.83612867337777,169.52099099128955,170.58848571777344,22501800,0.0,0.0,AVGO,Broadcom
166.5978846170002,167.6055074853074,161.23051289880246,165.81971740722656,23469800,0.0,0.0,AVGO,Broadcom
167.036832719992,170.11958833580871,164.8320307780285,169.18179321289062,18504900,0.0,0.0,AVGO,Broadcom
177.36253532226596,180.0262637945439,175.40714632423703,176.4945831298828,24380500,0.0,0.0,AVGO,Broadcom
179.2680501548512,188.12720280151248,177.88131479443535,187.7081756591797,27576900,0.0,0.0,AVGO,Broadcom
186.48107114597866,192.9159221602043,186.45114281005337,191.85841369628906,21242300,0.0,0.0,AVGO,Broadcom
190.08260413931663,192.64657667894014,187.23929030191547,192.01805114746094,16385800,0.0,0.0,AVGO,Broadcom
191.2698114084602,192.79621750124136,189.6536203038588,190.72109985351562,14630000,0.0,0.0,AVGO,Broadcom
185.46347124191809,192.7463327293127,183.58789613154812,192.01805114746094,22768900,0.0,0.0,AVGO,Broadcom
197.67473373326993,200.9270732310785,195.77920133830008,196.86663818359375,24939700,0.0,0.0,AVGO,Broadcom
203.42120345533738,205.197022507188,200.60783319120958,203.1618194580078,17766800,0.0,0.0,AVGO,Broadcom
199.77977491689845,202.75277304774025,199.5303619644429,200.24867248535156,14025400,0.0,0.0,AVGO,Broadcom
195.97872467507096,201.43588131262618,195.47989876833253,199.62014770507812,16348800,0.0,0.0,AVGO,Broadcom
198.82202862218435,205.74573483186947,197.9640474303193,204.32907104492188,20253700,0.0,0.0,AVGO,Broadcom
207.51157540365801,210.66415876041592,203.21169856053442,207.28211975097656,18460900,0.0,0.0,AVGO,Broadcom
208.83845677173508,209.46698228806983,206.03505760039852,207.7111053466797,13289200,0.0,0.0,AVGO,Broadcom
218.97460372987726,221.27917700132767,215.37308004618967,221.0596923828125,25437700,0.0,0.0,AVGO,Broadcom
221.47870679365386,234.72752191014024,221.47870679365386,231.87423706054688,28790500,0.0,0.0,AVGO,Broadcom
229.68937457954962,232.95170029797106,227.8137995069209,231.57493591308594,19751400,0.0,0.0,AVGO,Broadcom
229.61954722393165,233.90945310721304,227.53445856747396,232.09371948242188,18803700,0.0,0.0,AVGO,Broadcom
231.77447606975397,232.09371673337853,225.85839291378878,228.07318115234375,23094600,0.0,0.0,AVGO,Broadcom
221.3290583386423,230.70697918723184,221.0796453881696,230.08843994140625,15355500,0.0,0.0,AVGO,Broadcom
225.95817080511387,231.22577130441786,225.80851389528334,231.13597106933594,11787200,0.0,0.0,AVGO,Broadcom
227.85370195262277,235.94465894217993,227.29501936077983,229.1905517578125,17642900,0.0,0.0,AVGO,Broadcom
227.8038180082913,233.1412614535695,226.89595117832394,229.98867797851562,14340200,0.0,0.0,AVGO,Broadcom
226.4071033658377,230.108383042492,225.648878250328,228.18292236328125,15385600,0.0,0.0,AVGO,Broadcom
232.32317828243157,235.92470202092926,230.58727382970477,235.09664916992188,17941700,0.0,0.0,AVGO,Broadcom
236.5931224081403,240.42411695641965,233.87950824696512,238.86776733398438,20443000,0.0,0.0,AVGO,Broadcom
245.33256025960023,245.4921882027161,236.84253361349565,241.4018096923828,20768000,0.0,0.0,AVGO,Broadcom
240.6535767654499,242.5989947983718,234.34840986361613,241.5015869140625,27088600,0.0,0.0,AVGO,Broadcom
242.67880616467087,249.4129559760235,242.61894949091,248.12599182128906,19197000,0.0,0.0,AVGO,Broadcom
249.49277982929087,257.27446740851076,248.8143686462306,256.24688720703125,30380200,0.0,0.0,AVGO,Broadcom
257.45402146524435,264.8067103711191,256.9851239006921,260.4669189453125,31536000,0.0,0.0,AVGO,Broadcom
262.3325692211033,264.26801626853916,258.45168886492036,259.31964111328125,41970900,0.0,0.0,AVGO,Broadcom
250.55027958727013,254.72047214611732,245.55204940701566,246.35015869140625,41146700,0.0,0.0,AVGO,Broadcom
244.47458656047718,247.58725543150763,240.54383587321186,243.70639038085938,25334100,0.0,0.0,AVGO,Broadcom
243.64653160517528,245.70169194322193,240.8331461321887,244.05557250976562,25491300,0.0,0.0,AVGO,Broadcom
245.78150896713396,254.17176463108655,243.2275226814361,252.31613159179688,24599000,0.0,0.0,AVGO,Broadcom
249.60250675702045,257.2844378101398,248.9141245780251,255.4687042236328,20410900,0.0,0.0,AVGO,Broadcom
250.07140152242098,253.40355485000956,247.76682832146625,248.11599731445312,19028400,0.0,0.0,AVGO,Broadcom
249.76213546434295,254.5907665469055,248.98396827430017,251.50802612304688,20363000,0.0,0.0,AVGO,Broadcom
250.3607154946569,253.36365714730493,247.33783176659227,248.784423828125,22014300,0.0,0.0,AVGO,Broadcom
250.30085661974033,255.0397026153405,248.82433623511847,250.66998291015625,30435500,0.0,0.0,AVGO,Broadcom
253.2100067138672,253.52000427246094,244.1699981689453,249.99000549316406,42134900,0.59,0.0,AVGO,Broadcom
249.11000061035156,254.2100067138672,246.4600067138672,253.77000427246094,19635700,0.0,0.0,AVGO,Broadcom
